player_name,team,position,dob,height,weight,fantasy_defender_status,fantasy_midfield_status,fantasy_ruck_status,fantasy_forward_status
Tom Doedee,Adelaide Crows,KEY_DEFENDER,1997-03-01,187,90,TRUE,FALSE,FALSE,FALSE
Lachlan Murphy,Adelaide Crows,MEDIUM_FORWARD,1998-12-04,175,81,FALSE,FALSE,FALSE,TRUE
Mitchell Hinge,Adelaide Crows,MEDIUM_DEFENDER,1998-06-26,189,91,TRUE,FALSE,FALSE,FALSE
Jordon Butts,Adelaide Crows,KEY_DEFENDER,1999-12-31,198,97,TRUE,FALSE,FALSE,FALSE
Elliott Himmelberg,Adelaide Crows,KEY_FORWARD,1998-06-04,200,99,FALSE,FALSE,FALSE,TRUE
Lachlan Sholl,Adelaide Crows,MIDFIELDER,2000-03-07,186,82,FALSE,TRUE,FALSE,FALSE
Chayce Jones,Adelaide Crows,MEDIUM_DEFENDER,2000-01-14,180,82,TRUE,FALSE,FALSE,FALSE
Will Hamill,Adelaide Crows,MEDIUM_DEFENDER,2000-11-17,185,81,TRUE,FALSE,FALSE,FALSE
Ned McHenry,Adelaide Crows,MEDIUM_FORWARD,2000-07-13,178,74,FALSE,FALSE,FALSE,TRUE
Nick Murray,Adelaide Crows,KEY_DEFENDER,2000-12-18,194,98,TRUE,FALSE,FALSE,FALSE
Riley Thilthorpe,Adelaide Crows,KEY_FORWARD,2002-07-07,202,105,FALSE,FALSE,FALSE,TRUE
Harry Schoenberg,Adelaide Crows,MIDFIELDER,2001-02-21,183,83,FALSE,TRUE,FALSE,FALSE
Kieran Strachan,Adelaide Crows,RUCK,1995-10-05,204,103,FALSE,FALSE,TRUE,FALSE
James Borlase,Adelaide Crows,KEY_DEFENDER,2002-07-18,192,100,TRUE,FALSE,FALSE,FALSE
Fischer McAsey,Adelaide Crows,KEY_DEFENDER,2001-03-08,198,98,TRUE,FALSE,FALSE,FALSE
Josh Worrell,Adelaide Crows,MEDIUM_DEFENDER,2001-04-11,194,88,TRUE,FALSE,FALSE,FALSE
Luke Pedlar,Adelaide Crows,MEDIUM_FORWARD,2002-05-17,184,84,FALSE,TRUE,FALSE,TRUE
Sam Berry,Adelaide Crows,MIDFIELDER,2002-02-12,182,86,FALSE,FALSE,FALSE,TRUE
Patrick Parnell,Adelaide Crows,MEDIUM_DEFENDER,2002-03-04,177,71,TRUE,FALSE,FALSE,FALSE
Tariek Newchurch,Adelaide Crows,MEDIUM_FORWARD,2002-07-21,182,79,FALSE,FALSE,FALSE,TRUE
Josh Rachele,Adelaide Crows,MEDIUM_FORWARD,2003-04-11,180,80,FALSE,TRUE,FALSE,TRUE
Zac Taylor,Adelaide Crows,MIDFIELDER,2003-01-31,182,79,FALSE,TRUE,FALSE,FALSE
Jake Soligo,Adelaide Crows,MIDFIELDER_FORWARD,2003-01-25,180,77,FALSE,TRUE,FALSE,FALSE
Lachlan Gollant,Adelaide Crows,KEY_FORWARD,2001-09-12,192,85,FALSE,FALSE,FALSE,TRUE
Brayden Cook,Adelaide Crows,MIDFIELDER,2002-07-18,190,87,FALSE,TRUE,FALSE,FALSE
Luke Nankervis,Adelaide Crows,MEDIUM_FORWARD,2003-05-25,191,77,FALSE,TRUE,FALSE,TRUE
Rory Sloane,Adelaide Crows,MIDFIELDER,1990-03-17,183,82,FALSE,TRUE,FALSE,FALSE
Taylor Walker,Adelaide Crows,KEY_FORWARD,1990-04-25,194,102,FALSE,FALSE,FALSE,TRUE
Brodie Smith,Adelaide Crows,MEDIUM_DEFENDER,1992-01-14,189,88,TRUE,FALSE,FALSE,FALSE
Luke Brown,Adelaide Crows,MEDIUM_DEFENDER,1992-09-22,181,81,TRUE,FALSE,FALSE,FALSE
Rory Laird,Adelaide Crows,MIDFIELDER,1993-12-29,178,78,FALSE,TRUE,FALSE,FALSE
Paul Seedsman,Adelaide Crows,MIDFIELDER,1992-01-22,190,84,FALSE,TRUE,FALSE,FALSE
Matt Crouch,Adelaide Crows,MIDFIELDER,1995-04-21,182,80,FALSE,TRUE,FALSE,FALSE
Reilly O'Brien,Adelaide Crows,RUCK,1995-08-20,203,105,FALSE,FALSE,TRUE,FALSE
Ben Davis,Adelaide Crows,MEDIUM_FORWARD,1997-05-19,188,90,TRUE,FALSE,FALSE,TRUE
Shane McAdam,Adelaide Crows,MEDIUM_FORWARD,1995-05-28,183,82,FALSE,FALSE,FALSE,TRUE
Wayne Milera,Adelaide Crows,MEDIUM_DEFENDER,1997-09-14,184,86,TRUE,FALSE,FALSE,FALSE
Billy Frampton,Adelaide Crows,KEY_DEFENDER,1996-11-20,201,99,FALSE,FALSE,FALSE,TRUE
Jordan Dawson,Adelaide Crows,MEDIUM_DEFENDER,1997-04-09,192,86,TRUE,TRUE,FALSE,FALSE
Ben Keays,Adelaide Crows,MIDFIELDER,1997-02-23,186,89,FALSE,TRUE,FALSE,FALSE
Andrew McPherson,Adelaide Crows,MEDIUM_DEFENDER,1999-06-20,187,86,TRUE,FALSE,FALSE,FALSE
Jackson Hately,Adelaide Crows,MIDFIELDER_FORWARD,2000-10-21,191,85,FALSE,TRUE,FALSE,FALSE
James Rowe,Adelaide Crows,MEDIUM_FORWARD,1999-09-17,173,75,FALSE,FALSE,FALSE,TRUE
Darcy Fogarty,Adelaide Crows,KEY_FORWARD,1999-09-25,194,99,FALSE,FALSE,FALSE,TRUE
Hugh McCluggage,Brisbane Lions,MIDFIELDER,1998-03-03,185,86,FALSE,TRUE,FALSE,FALSE
Cam Rayner,Brisbane Lions,MIDFIELDER_FORWARD,1999-10-21,186,94,FALSE,TRUE,FALSE,TRUE
Zac Bailey,Brisbane Lions,MIDFIELDER_FORWARD,1999-09-23,182,84,FALSE,TRUE,FALSE,TRUE
Jack Payne,Brisbane Lions,KEY_DEFENDER,1999-10-15,197,105,TRUE,FALSE,FALSE,FALSE
Brandon Starcevich,Brisbane Lions,MEDIUM_DEFENDER,1999-07-24,187,92,TRUE,FALSE,FALSE,FALSE
Noah Answerth,Brisbane Lions,MEDIUM_DEFENDER,1999-08-06,183,85,TRUE,FALSE,FALSE,FALSE
Oscar McInerney,Brisbane Lions,RUCK,1994-07-10,204,110,FALSE,FALSE,TRUE,FALSE
Ely Smith,Brisbane Lions,MIDFIELDER_FORWARD,2000-09-13,187,91,FALSE,TRUE,FALSE,TRUE
Keidean Coleman,Brisbane Lions,MEDIUM_DEFENDER,2000-03-31,182,81,TRUE,FALSE,FALSE,TRUE
Connor McFadyen,Brisbane Lions,MEDIUM_FORWARD,2000-12-04,190,95,FALSE,TRUE,FALSE,TRUE
Thomas Berry,Brisbane Lions,MEDIUM_FORWARD,2000-05-01,185,81,FALSE,FALSE,FALSE,TRUE
Harry Sharp,Brisbane Lions,MIDFIELDER,2002-12-17,182,74,FALSE,TRUE,FALSE,FALSE
Deven Robertson,Brisbane Lions,MIDFIELDER_FORWARD,2001-06-30,185,85,FALSE,TRUE,FALSE,FALSE
Jaxon Prior,Brisbane Lions,MIDFIELDER,2001-06-04,189,85,FALSE,TRUE,FALSE,FALSE
Blake Coleman,Brisbane Lions,MEDIUM_FORWARD,2002-08-06,182,82,FALSE,FALSE,FALSE,TRUE
Carter Michael,Brisbane Lions,MIDFIELDER,2002-05-22,188,83,TRUE,FALSE,FALSE,FALSE
Tom Fullarton,Brisbane Lions,KEY_FORWARD,1999-02-23,200,98,FALSE,FALSE,FALSE,TRUE
James Madden,Brisbane Lions,MEDIUM_DEFENDER,1999-11-15,188,88,TRUE,FALSE,FALSE,FALSE
Kai Lohmann,Brisbane Lions,MEDIUM_FORWARD,2003-05-06,185,77,FALSE,FALSE,FALSE,TRUE
Henry Smith,Brisbane Lions,RUCK,2002-09-24,206,104,FALSE,FALSE,FALSE,TRUE
Darcy Wilmot,Brisbane Lions,MEDIUM_DEFENDER,2003-12-31,183,75,TRUE,FALSE,FALSE,FALSE
Kalin Lane,Brisbane Lions,RUCK,2001-12-05,205,102,FALSE,FALSE,TRUE,FALSE
James Tunstill,Brisbane Lions,MIDFIELDER,2003-07-18,187,75,FALSE,TRUE,FALSE,FALSE
Deividas Uosis,Brisbane Lions,MEDIUM_DEFENDER,2000-06-28,182,78,TRUE,FALSE,FALSE,FALSE
Dayne Zorko,Brisbane Lions,MEDIUM_DEFENDER,1989-02-09,175,82,TRUE,TRUE,FALSE,FALSE
Daniel Rich,Brisbane Lions,MEDIUM_DEFENDER,1990-06-07,183,95,TRUE,FALSE,FALSE,FALSE
Mitch Robinson,Brisbane Lions,MIDFIELDER,1989-06-07,184,89,FALSE,TRUE,FALSE,FALSE
Ryan Lester,Brisbane Lions,MEDIUM_DEFENDER,1992-08-26,192,84,TRUE,FALSE,FALSE,FALSE
Cameron Ellis-Yolmen,Brisbane Lions,MIDFIELDER_FORWARD,1993-01-28,190,100,FALSE,TRUE,FALSE,FALSE
Lachie Neale,Brisbane Lions,MIDFIELDER,1993-05-24,178,84,FALSE,TRUE,FALSE,FALSE
Lincoln McCarthy,Brisbane Lions,MEDIUM_FORWARD,1993-10-22,178,82,FALSE,FALSE,FALSE,TRUE
Jarryd Lyons,Brisbane Lions,MIDFIELDER,1992-07-22,184,88,FALSE,TRUE,FALSE,FALSE
Marcus Adams,Brisbane Lions,KEY_DEFENDER,1993-06-30,192,98,TRUE,FALSE,FALSE,FALSE
Joe Daniher,Brisbane Lions,KEY_FORWARD,1994-03-04,201,97,FALSE,FALSE,FALSE,TRUE
Darcy Gardiner,Brisbane Lions,KEY_DEFENDER,1995-09-22,192,91,TRUE,FALSE,FALSE,FALSE
Daniel McStay,Brisbane Lions,KEY_FORWARD,1995-06-24,195,98,FALSE,FALSE,FALSE,TRUE
Darcy Fort,Brisbane Lions,RUCK,1993-08-06,204,98,FALSE,FALSE,TRUE,TRUE
Nakia Cockatoo,Brisbane Lions,MEDIUM_FORWARD,1996-10-23,185,90,FALSE,FALSE,FALSE,TRUE
Callum Ah Chee,Brisbane Lions,MIDFIELDER,1997-10-09,183,81,TRUE,TRUE,FALSE,FALSE
Charlie Cameron,Brisbane Lions,MEDIUM_FORWARD,1994-07-05,180,76,FALSE,FALSE,FALSE,TRUE
Rhys Mathieson,Brisbane Lions,MIDFIELDER_FORWARD,1997-01-10,186,86,FALSE,TRUE,FALSE,FALSE
Eric Hipwood,Brisbane Lions,KEY_FORWARD,1997-09-13,203,92,FALSE,FALSE,FALSE,TRUE
Harris Andrews,Brisbane Lions,KEY_DEFENDER,1996-12-11,202,100,TRUE,FALSE,FALSE,FALSE
Mitch Cox,Brisbane Lions,MIDFIELDER,1997-03-24,190,81,TRUE,TRUE,FALSE,FALSE
Jarrod Berry,Brisbane Lions,MIDFIELDER,1998-02-05,192,90,FALSE,TRUE,FALSE,FALSE
John Noble,Collingwood,MEDIUM_DEFENDER,1997-03-25,180,75,TRUE,FALSE,FALSE,FALSE
Callum L. Brown,Collingwood,MEDIUM_FORWARD,1998-04-27,179,81,FALSE,FALSE,FALSE,TRUE
Patrick Lipinski,Collingwood,MIDFIELDER_FORWARD,1998-07-17,190,86,FALSE,TRUE,FALSE,TRUE
Beau McCreery,Collingwood,MEDIUM_FORWARD,2001-04-19,186,84,FALSE,FALSE,FALSE,TRUE
Josh Daicos,Collingwood,MIDFIELDER,1998-11-26,178,78,FALSE,TRUE,FALSE,FALSE
Nathan Murphy,Collingwood,MIDFIELDER,1999-12-15,192,97,FALSE,TRUE,FALSE,FALSE
Isaac Quaynor,Collingwood,MEDIUM_DEFENDER,2000-01-15,180,87,TRUE,FALSE,FALSE,FALSE
Tyler Brown,Collingwood,MIDFIELDER,1999-12-09,192,84,FALSE,TRUE,FALSE,FALSE
Will Kelly,Collingwood,KEY_FORWARD,2000-08-16,194,92,TRUE,FALSE,FALSE,TRUE
Trent Bianco,Collingwood,MEDIUM_FORWARD,2001-01-20,178,75,FALSE,FALSE,FALSE,TRUE
Charlie Dean,Collingwood,KEY_DEFENDER,2001-06-19,195,89,TRUE,FALSE,FALSE,FALSE
Trey Ruscoe,Collingwood,MEDIUM_DEFENDER,2001-11-03,193,93,TRUE,FALSE,FALSE,FALSE
Jack Madgen,Collingwood,KEY_DEFENDER,1993-04-25,192,94,TRUE,FALSE,FALSE,FALSE
Caleb Poulter,Collingwood,MIDFIELDER,2002-10-12,194,84,FALSE,TRUE,FALSE,FALSE
Arlo Draper,Collingwood,MIDFIELDER,2003-01-30,186,78,FALSE,TRUE,FALSE,FALSE
Cooper Murley,Collingwood,MIDFIELDER_FORWARD,2003-06-20,178,67,FALSE,TRUE,FALSE,TRUE
Finlay Macrae,Collingwood,MIDFIELDER,2002-03-13,188,83,FALSE,TRUE,FALSE,FALSE
Liam McMahon,Collingwood,KEY_FORWARD,2002-05-02,198,89,FALSE,FALSE,FALSE,TRUE
Jack Ginnivan,Collingwood,MEDIUM_FORWARD,2002-12-09,185,80,FALSE,FALSE,FALSE,TRUE
Oliver Henry,Collingwood,MEDIUM_FORWARD,2002-07-29,189,80,FALSE,FALSE,FALSE,TRUE
Reef McInnes,Collingwood,MEDIUM_FORWARD,2002-12-12,194,87,FALSE,TRUE,FALSE,FALSE
Mark Keane,Collingwood,KEY_DEFENDER,2000-03-17,194,96,FALSE,FALSE,FALSE,FALSE
Harvey Harrison,Collingwood,MIDFIELDER,2003-11-10,181,76,FALSE,TRUE,FALSE,FALSE
Aiden Begg,Collingwood,RUCK,2002-10-08,197,90,FALSE,FALSE,TRUE,FALSE
Isaac Chugg,Collingwood,MIDFIELDER,2002-02-26,181,84,TRUE,FALSE,FALSE,FALSE
Nick Daicos,Collingwood,MEDIUM_DEFENDER,2003-01-03,184,73,TRUE,TRUE,FALSE,FALSE
Scott Pendlebury,Collingwood,MEDIUM_DEFENDER,1988-01-07,191,86,TRUE,TRUE,FALSE,FALSE
Jordan Roughead,Collingwood,KEY_DEFENDER,1990-11-03,200,98,TRUE,FALSE,FALSE,FALSE
Steele Sidebottom,Collingwood,MIDFIELDER,1991-01-02,184,84,FALSE,TRUE,FALSE,TRUE
Jeremy Howe,Collingwood,KEY_DEFENDER,1990-06-29,190,85,TRUE,FALSE,FALSE,FALSE
Will Hoskin-Elliott,Collingwood,MEDIUM_FORWARD,1993-09-02,186,83,FALSE,TRUE,FALSE,TRUE
Taylor Adams,Collingwood,MIDFIELDER,1993-09-20,181,84,FALSE,TRUE,FALSE,FALSE
Brody Mihocek,Collingwood,KEY_FORWARD,1993-02-04,192,97,FALSE,FALSE,FALSE,TRUE
Jamie Elliott,Collingwood,MEDIUM_FORWARD,1992-08-21,178,80,FALSE,FALSE,FALSE,TRUE
Jack Crisp,Collingwood,MIDFIELDER,1993-10-02,190,92,TRUE,TRUE,FALSE,FALSE
Brodie Grundy,Collingwood,RUCK,1994-04-15,203,104,FALSE,FALSE,TRUE,FALSE
Darcy Moore,Collingwood,KEY_DEFENDER,1996-01-25,203,100,TRUE,FALSE,FALSE,FALSE
Darcy Cameron,Collingwood,KEY_FORWARD,1995-07-18,204,101,FALSE,FALSE,FALSE,TRUE
Brayden Maynard,Collingwood,MEDIUM_DEFENDER,1996-09-20,189,93,TRUE,FALSE,FALSE,FALSE
Tom Wilson,Collingwood,MEDIUM_FORWARD,1997-06-24,194,86,TRUE,FALSE,FALSE,FALSE
Jordan De Goey,Collingwood,MIDFIELDER_FORWARD,1996-03-15,188,93,FALSE,TRUE,FALSE,TRUE
Nathan Kreuger,Collingwood,KEY_FORWARD,1999-06-25,196,93,TRUE,FALSE,FALSE,FALSE
Ash Johnson,Collingwood,KEY_FORWARD,1997-10-06,193,87,FALSE,FALSE,FALSE,TRUE
Mason Cox,Collingwood,KEY_FORWARD,1991-03-14,211,108,FALSE,FALSE,FALSE,TRUE
Jez McLennan,Gold Coast Suns,MEDIUM_DEFENDER,2000-09-07,185,85,TRUE,FALSE,FALSE,FALSE
Chris Burgess,Gold Coast Suns,KEY_DEFENDER,1995-11-26,191,94,FALSE,FALSE,TRUE,TRUE
Izak Rankine,Gold Coast Suns,MEDIUM_FORWARD,2000-04-23,181,81,FALSE,FALSE,FALSE,TRUE
Charlie Constable,Gold Coast Suns,MIDFIELDER,1999-05-18,192,86,FALSE,TRUE,FALSE,FALSE
Jack Lukosius,Gold Coast Suns,KEY_FORWARD,2000-08-09,195,91,TRUE,TRUE,FALSE,FALSE
Josh Corbett,Gold Coast Suns,KEY_FORWARD,1996-04-23,190,90,FALSE,FALSE,FALSE,TRUE
Malcolm Rosas,Gold Coast Suns,MEDIUM_FORWARD,2001-06-27,175,70,FALSE,FALSE,FALSE,TRUE
Joel Jeffrey,Gold Coast Suns,KEY_FORWARD,2002-03-12,192,82,FALSE,FALSE,FALSE,TRUE
Caleb Graham,Gold Coast Suns,KEY_DEFENDER,2000-09-12,195,96,TRUE,FALSE,TRUE,FALSE
Ben King,Gold Coast Suns,KEY_FORWARD,2000-07-07,202,98,FALSE,FALSE,FALSE,TRUE
Wil Powell,Gold Coast Suns,MEDIUM_DEFENDER,1999-08-26,185,81,TRUE,FALSE,FALSE,FALSE
Connor Budarick,Gold Coast Suns,MEDIUM_DEFENDER,2001-04-06,175,75,TRUE,FALSE,FALSE,FALSE
Charlie Ballard,Gold Coast Suns,KEY_DEFENDER,1999-07-23,196,95,TRUE,FALSE,FALSE,FALSE
Noah Anderson,Gold Coast Suns,MIDFIELDER,2001-02-17,192,88,FALSE,TRUE,FALSE,FALSE
Matt Rowell,Gold Coast Suns,MIDFIELDER,2001-07-01,180,80,FALSE,TRUE,FALSE,FALSE
Sam Flanders,Gold Coast Suns,MEDIUM_FORWARD,2001-07-24,183,82,FALSE,FALSE,FALSE,TRUE
Hewago Paul Oea,Gold Coast Suns,MIDFIELDER,2001-11-13,172,70,FALSE,TRUE,FALSE,TRUE
Matt Conroy,Gold Coast Suns,RUCK,2000-11-07,199,95,FALSE,FALSE,TRUE,FALSE
Jeremy Sharp,Gold Coast Suns,MIDFIELDER,2001-08-13,189,81,FALSE,TRUE,FALSE,FALSE
Elijah Hollands,Gold Coast Suns,MIDFIELDER_FORWARD,2002-04-25,189,86,FALSE,TRUE,FALSE,TRUE
Rhys Nicholls,Gold Coast Suns,MEDIUM_DEFENDER,2002-09-30,188,79,TRUE,FALSE,FALSE,FALSE
Alex Davies,Gold Coast Suns,MIDFIELDER_FORWARD,2002-03-18,191,86,FALSE,TRUE,FALSE,TRUE
Sandy Brock,Gold Coast Suns,KEY_DEFENDER,2002-12-14,198,86,TRUE,FALSE,FALSE,FALSE
Patrick Murtagh,Gold Coast Suns,KEY_FORWARD,2000-02-11,196,98,FALSE,FALSE,TRUE,TRUE
Mac Andrew,Gold Coast Suns,RUCK,2003-12-04,201,74,FALSE,FALSE,TRUE,FALSE
Bodhi Uwland,Gold Coast Suns,KEY_DEFENDER,2003-07-25,185,84,TRUE,TRUE,FALSE,FALSE
Ned Moyle,Gold Coast Suns,RUCK,2002-02-15,205,96,FALSE,FALSE,TRUE,FALSE
Rory Thompson,Gold Coast Suns,KEY_DEFENDER,1991-03-12,200,100,TRUE,FALSE,FALSE,FALSE
Levi Casboult,Gold Coast Suns,KEY_FORWARD,1990-03-15,199,104,FALSE,FALSE,FALSE,TRUE
David Swallow,Gold Coast Suns,MEDIUM_DEFENDER,1992-11-19,185,87,TRUE,TRUE,FALSE,FALSE
Sam Day,Gold Coast Suns,KEY_FORWARD,1992-09-06,197,99,FALSE,FALSE,FALSE,TRUE
Jarrod Witts,Gold Coast Suns,RUCK,1992-09-13,209,111,FALSE,FALSE,TRUE,FALSE
Brandon Ellis,Gold Coast Suns,MIDFIELDER,1993-08-03,181,82,TRUE,TRUE,FALSE,FALSE
Sean Lemmens,Gold Coast Suns,MEDIUM_DEFENDER,1994-11-02,184,81,TRUE,FALSE,FALSE,FALSE
Rory Atkins,Gold Coast Suns,MIDFIELDER,1994-07-12,186,85,FALSE,TRUE,FALSE,FALSE
Alex Sexton,Gold Coast Suns,MEDIUM_FORWARD,1993-12-03,186,82,FALSE,FALSE,FALSE,TRUE
Sam Collins,Gold Coast Suns,KEY_DEFENDER,1994-06-15,194,99,TRUE,FALSE,FALSE,FALSE
James Tsitas,Gold Coast Suns,MIDFIELDER,1995-03-03,181,84,FALSE,TRUE,FALSE,FALSE
Nick Holman,Gold Coast Suns,MEDIUM_FORWARD,1995-05-29,189,86,FALSE,FALSE,FALSE,TRUE
Touk Miller,Gold Coast Suns,MIDFIELDER,1996-02-22,178,84,FALSE,TRUE,FALSE,FALSE
Oleg Markov,Gold Coast Suns,MIDFIELDER,1996-05-08,188,85,TRUE,FALSE,FALSE,FALSE
Lachie Weller,Gold Coast Suns,MEDIUM_DEFENDER,1996-02-23,181,83,FALSE,TRUE,FALSE,TRUE
Brayden Fiorini,Gold Coast Suns,MIDFIELDER,1997-08-22,186,84,FALSE,TRUE,FALSE,FALSE
Mabior Chol,Gold Coast Suns,KEY_FORWARD,1997-01-29,200,96,FALSE,FALSE,TRUE,TRUE
Darcy Macpherson,Gold Coast Suns,MEDIUM_FORWARD,1997-10-29,174,79,FALSE,FALSE,FALSE,TRUE
Ben Ainsworth,Gold Coast Suns,MEDIUM_FORWARD,1998-02-10,179,77,FALSE,FALSE,FALSE,TRUE
Jack Bowes,Gold Coast Suns,MEDIUM_DEFENDER,1998-01-26,187,88,TRUE,FALSE,FALSE,FALSE
Jy Farrar,Gold Coast Suns,KEY_DEFENDER,1996-12-07,191,77,TRUE,FALSE,FALSE,FALSE
Harry McKay,Carlton,KEY_FORWARD,1997-12-24,204,104,FALSE,FALSE,FALSE,TRUE
Jack Silvagni,Carlton,MEDIUM_FORWARD,1997-12-17,194,91,FALSE,FALSE,FALSE,TRUE
Matthew Kennedy,Carlton,MIDFIELDER,1997-04-06,190,90,FALSE,TRUE,FALSE,FALSE
Lachie Fogarty,Carlton,MEDIUM_FORWARD,1999-04-01,180,76,FALSE,FALSE,FALSE,TRUE
Adam Cerra,Carlton,MIDFIELDER,1999-10-07,187,86,FALSE,TRUE,FALSE,FALSE
Paddy Dow,Carlton,MIDFIELDER_FORWARD,1999-10-16,187,85,FALSE,TRUE,FALSE,FALSE
Lochie O'Brien,Carlton,MIDFIELDER,1999-09-18,185,84,FALSE,TRUE,FALSE,FALSE
Jordan Boyd,Carlton,MEDIUM_DEFENDER,1998-09-22,182,80,TRUE,FALSE,FALSE,FALSE
Josh Honey,Carlton,MEDIUM_FORWARD,2001-10-17,186,85,FALSE,FALSE,FALSE,TRUE
Tom De Koning,Carlton,RUCK,1999-07-16,203,101,FALSE,FALSE,TRUE,TRUE
Sam Walsh,Carlton,MIDFIELDER,2000-07-02,184,84,FALSE,TRUE,FALSE,FALSE
Matthew Cottrell,Carlton,MIDFIELDER_FORWARD,2000-02-29,185,80,FALSE,TRUE,FALSE,FALSE
Liam Stocker,Carlton,MEDIUM_DEFENDER,2000-01-23,184,86,TRUE,FALSE,FALSE,FALSE
Corey Durdin,Carlton,MEDIUM_FORWARD,2002-04-14,173,76,FALSE,FALSE,FALSE,TRUE
Brodie Kemp,Carlton,KEY_DEFENDER,2001-05-01,193,88,TRUE,FALSE,FALSE,FALSE
Sam Philp,Carlton,MEDIUM_FORWARD,2001-08-04,186,83,FALSE,FALSE,FALSE,TRUE
Luke Parks,Carlton,KEY_DEFENDER,2001-04-18,192,86,TRUE,FALSE,FALSE,FALSE
Jack Carroll,Carlton,MIDFIELDER,2002-12-20,188,82,FALSE,TRUE,FALSE,FALSE
Matthew Owies,Carlton,MEDIUM_FORWARD,1997-03-19,180,81,FALSE,FALSE,FALSE,TRUE
Domanic Akuei,Carlton,RUCK,2002-05-12,192,78,TRUE,FALSE,TRUE,FALSE
Jesse Motlop,Carlton,MEDIUM_FORWARD,2003-11-23,176,76,FALSE,FALSE,FALSE,TRUE
Alex Mirkov,Carlton,RUCK,1999-11-17,210,104,FALSE,FALSE,TRUE,FALSE
Ed Curnow,Carlton,MIDFIELDER,1989-11-07,179,86,FALSE,TRUE,FALSE,FALSE
Liam Jones,Carlton,KEY_DEFENDER,1991-02-24,199,100,FALSE,FALSE,FALSE,FALSE
Jack Newnes,Carlton,MIDFIELDER,1993-02-24,185,84,FALSE,TRUE,FALSE,FALSE
George Hewett,Carlton,MIDFIELDER,1995-12-29,187,85,TRUE,TRUE,FALSE,FALSE
Lachie Plowman,Carlton,MEDIUM_DEFENDER,1994-09-11,193,87,TRUE,FALSE,FALSE,FALSE
Zac Williams,Carlton,MEDIUM_DEFENDER,1994-09-20,185,85,TRUE,FALSE,FALSE,FALSE
Adam Saad,Carlton,MEDIUM_DEFENDER,1994-07-23,178,77,TRUE,FALSE,FALSE,FALSE
Sam Docherty,Carlton,MEDIUM_DEFENDER,1993-10-17,185,86,TRUE,FALSE,FALSE,FALSE
Jack Martin,Carlton,MEDIUM_FORWARD,1995-01-29,186,82,FALSE,FALSE,FALSE,TRUE
Mitch McGovern,Carlton,KEY_DEFENDER,1994-10-11,191,89,FALSE,FALSE,FALSE,TRUE
Nic Newman,Carlton,MEDIUM_DEFENDER,1993-01-15,187,80,TRUE,FALSE,FALSE,FALSE
Marc Pittonet,Carlton,RUCK,1996-06-03,202,104,FALSE,FALSE,TRUE,FALSE
Caleb Marchbank,Carlton,MEDIUM_DEFENDER,1996-12-07,193,92,TRUE,FALSE,FALSE,FALSE
Patrick Cripps,Carlton,MIDFIELDER,1995-03-18,195,93,FALSE,TRUE,FALSE,FALSE
Oscar McDonald,Carlton,KEY_DEFENDER,1996-03-18,196,98,FALSE,FALSE,FALSE,TRUE
David Cuningham,Carlton,MEDIUM_FORWARD,1997-03-30,186,85,FALSE,TRUE,FALSE,TRUE
Jacob Weitering,Carlton,KEY_DEFENDER,1997-11-23,196,101,TRUE,FALSE,FALSE,FALSE
Charlie Curnow,Carlton,KEY_FORWARD,1997-02-03,192,92,FALSE,FALSE,FALSE,TRUE
Lewis Young,Carlton,KEY_DEFENDER,1998-12-20,201,100,TRUE,FALSE,TRUE,FALSE
Tom Williamson,Carlton,MEDIUM_DEFENDER,1998-12-12,190,85,TRUE,FALSE,FALSE,FALSE
Will Setterfield,Carlton,MIDFIELDER,1998-02-05,192,87,FALSE,TRUE,FALSE,FALSE
Zac Fisher,Carlton,MEDIUM_FORWARD,1998-06-15,179,76,FALSE,FALSE,FALSE,TRUE
Callum Coleman-Jones,North Melbourne,KEY_FORWARD,1999-06-13,200,105,FALSE,FALSE,TRUE,TRUE
Nick Larkey,North Melbourne,KEY_FORWARD,1998-06-06,198,95,FALSE,FALSE,FALSE,TRUE
Ben McKay,North Melbourne,KEY_DEFENDER,1997-12-24,201,99,TRUE,FALSE,FALSE,FALSE
Jaidyn Stephenson,North Melbourne,MIDFIELDER_FORWARD,1999-01-15,188,75,FALSE,TRUE,FALSE,TRUE
Luke Davies-Uniacke,North Melbourne,MIDFIELDER,1999-06-08,188,87,FALSE,TRUE,FALSE,FALSE
Paul Curtis,North Melbourne,MEDIUM_FORWARD,2003-03-04,185,75,FALSE,FALSE,FALSE,TRUE
Aiden Bonar,North Melbourne,MEDIUM_DEFENDER,1999-03-08,188,87,TRUE,FALSE,FALSE,FALSE
Lachie Young,North Melbourne,MEDIUM_DEFENDER,1999-04-06,189,81,TRUE,TRUE,FALSE,FALSE
Tristan Xerri,North Melbourne,RUCK,1999-03-15,201,99,FALSE,FALSE,TRUE,TRUE
Tarryn Thomas,North Melbourne,MIDFIELDER,2000-03-25,189,76,FALSE,TRUE,FALSE,TRUE
Bailey Scott,North Melbourne,MEDIUM_DEFENDER,2000-07-09,186,77,TRUE,FALSE,FALSE,TRUE
Curtis Taylor,North Melbourne,MIDFIELDER_FORWARD,2000-04-06,187,78,FALSE,TRUE,FALSE,TRUE
Matt McGuinness,North Melbourne,KEY_DEFENDER,2000-07-13,192,77,TRUE,FALSE,FALSE,TRUE
Atu Bosenavulagi,North Melbourne,MEDIUM_DEFENDER,2000-09-17,180,83,TRUE,FALSE,FALSE,FALSE
Jack Mahony,North Melbourne,MEDIUM_FORWARD,2001-11-12,178,72,FALSE,FALSE,FALSE,TRUE
Jason Horne-Francis,North Melbourne,MIDFIELDER,2003-06-21,185,81,FALSE,TRUE,FALSE,FALSE
Phoenix Spicer,North Melbourne,MEDIUM_FORWARD,2002-01-30,173,64,FALSE,FALSE,FALSE,TRUE
Tom Powell,North Melbourne,MIDFIELDER_FORWARD,2002-03-02,184,75,FALSE,TRUE,FALSE,TRUE
Flynn Perez,North Melbourne,MIDFIELDER,2001-08-25,188,85,TRUE,FALSE,FALSE,FALSE
Will Phillips,North Melbourne,MIDFIELDER_FORWARD,2002-05-22,181,80,FALSE,TRUE,FALSE,TRUE
Eddie Ford,North Melbourne,MEDIUM_FORWARD,2002-06-21,189,83,FALSE,FALSE,FALSE,TRUE
Charlie Lazzaro,North Melbourne,MIDFIELDER_FORWARD,2002-03-25,179,73,FALSE,TRUE,FALSE,TRUE
Patrick Walker,North Melbourne,MEDIUM_DEFENDER,2002-07-09,187,76,TRUE,TRUE,FALSE,FALSE
Charlie Comben,North Melbourne,KEY_FORWARD,2001-07-20,199,84,FALSE,FALSE,TRUE,TRUE
Jacob Edwards,North Melbourne,RUCK,2002-11-22,202,85,FALSE,FALSE,TRUE,TRUE
Miller Bergman,North Melbourne,MIDFIELDER,2003-01-25,188,70,TRUE,TRUE,FALSE,FALSE
Josh Goater,North Melbourne,MIDFIELDER,2003-06-02,190,80,FALSE,TRUE,FALSE,FALSE
Jackson Archer,North Melbourne,MEDIUM_DEFENDER,2003-01-09,185,75,TRUE,FALSE,FALSE,FALSE
Tom Lynch,North Melbourne,MEDIUM_FORWARD,1990-09-15,193,88,FALSE,FALSE,FALSE,TRUE
Todd Goldstein,North Melbourne,RUCK,1988-07-01,201,103,FALSE,FALSE,TRUE,TRUE
Ben Cunnington,North Melbourne,MIDFIELDER,1991-06-30,185,88,FALSE,TRUE,FALSE,FALSE
Jack Ziebell,North Melbourne,MEDIUM_FORWARD,1991-02-28,188,89,TRUE,FALSE,FALSE,TRUE
Hugh Greenwood,North Melbourne,MIDFIELDER,1992-03-06,191,94,FALSE,TRUE,FALSE,FALSE
Jared Polec,North Melbourne,MIDFIELDER,1992-10-12,187,86,FALSE,TRUE,FALSE,FALSE
Josh Walker,North Melbourne,KEY_DEFENDER,1992-11-12,197,98,TRUE,FALSE,FALSE,FALSE
Jed Anderson,North Melbourne,MIDFIELDER_FORWARD,1994-02-02,179,81,FALSE,TRUE,FALSE,TRUE
Aidan Corr,North Melbourne,KEY_DEFENDER,1994-05-17,195,97,TRUE,FALSE,FALSE,FALSE
Luke McDonald,North Melbourne,MEDIUM_DEFENDER,1995-02-09,189,86,TRUE,TRUE,FALSE,FALSE
Aaron Hall,North Melbourne,MEDIUM_DEFENDER,1990-11-09,185,85,TRUE,FALSE,FALSE,FALSE
Kayne Turner,North Melbourne,MEDIUM_FORWARD,1995-12-31,180,71,TRUE,FALSE,FALSE,TRUE
Jy Simpkin,North Melbourne,MIDFIELDER,1998-03-05,182,77,FALSE,TRUE,FALSE,FALSE
Kyron Hayden,North Melbourne,MEDIUM_DEFENDER,1999-06-07,186,87,TRUE,FALSE,FALSE,FALSE
Cameron Zurhaar,North Melbourne,MEDIUM_FORWARD,1998-05-22,189,92,FALSE,FALSE,FALSE,TRUE
Willem Drew,Port Adelaide,MIDFIELDER,1998-10-01,188,87,FALSE,TRUE,FALSE,FALSE
Connor Rozee,Port Adelaide,MIDFIELDER_FORWARD,2000-01-22,185,80,FALSE,FALSE,FALSE,TRUE
Sam Hayes,Port Adelaide,RUCK,1999-06-09,205,102,FALSE,FALSE,TRUE,FALSE
Kane Farrell,Port Adelaide,MIDFIELDER_FORWARD,1999-03-17,182,78,FALSE,TRUE,FALSE,TRUE
Jed McEntee,Port Adelaide,MEDIUM_FORWARD,2001-02-15,176,78,FALSE,TRUE,FALSE,TRUE
Todd Marshall,Port Adelaide,KEY_FORWARD,1998-10-08,198,92,FALSE,FALSE,FALSE,TRUE
Jackson Mead,Port Adelaide,MIDFIELDER_FORWARD,2001-09-30,184,85,FALSE,TRUE,FALSE,TRUE
Xavier Duursma,Port Adelaide,MIDFIELDER_FORWARD,2000-07-07,186,81,FALSE,TRUE,FALSE,FALSE
Zak Butters,Port Adelaide,MIDFIELDER_FORWARD,2000-09-08,181,78,FALSE,TRUE,FALSE,TRUE
Miles Bergman,Port Adelaide,MEDIUM_DEFENDER,2001-10-18,189,84,FALSE,TRUE,FALSE,FALSE
Dylan Williams,Port Adelaide,MEDIUM_FORWARD,2001-07-01,186,82,FALSE,FALSE,FALSE,TRUE
Jake Pasini,Port Adelaide,KEY_DEFENDER,2001-02-06,192,86,TRUE,FALSE,FALSE,FALSE
Mitch Georgiades,Port Adelaide,KEY_FORWARD,2001-09-28,192,88,FALSE,FALSE,FALSE,TRUE
Lachie Jones,Port Adelaide,MEDIUM_DEFENDER,2002-04-09,186,90,TRUE,FALSE,FALSE,FALSE
Taj Schofield,Port Adelaide,MIDFIELDER,2002-09-07,178,76,FALSE,TRUE,FALSE,TRUE
Ollie Lord,Port Adelaide,KEY_FORWARD,2002-01-02,197,87,FALSE,FALSE,FALSE,TRUE
Jase Burgoyne,Port Adelaide,MIDFIELDER,2003-07-15,186,65,TRUE,TRUE,FALSE,FALSE
Hugh Jackson,Port Adelaide,MIDFIELDER,2003-05-03,182,72,FALSE,TRUE,FALSE,FALSE
Josh Sinn,Port Adelaide,MIDFIELDER_FORWARD,2003-01-07,187,78,TRUE,TRUE,FALSE,FALSE
Dante Visentini,Port Adelaide,MEDIUM_FORWARD,2003-02-13,202,93,FALSE,FALSE,TRUE,TRUE
Travis Boak,Port Adelaide,MIDFIELDER,1988-08-01,183,85,FALSE,TRUE,FALSE,FALSE
Robbie Gray,Port Adelaide,MEDIUM_FORWARD,1988-03-30,183,84,FALSE,FALSE,FALSE,TRUE
Charlie Dixon,Port Adelaide,KEY_FORWARD,1990-09-23,200,107,FALSE,FALSE,FALSE,TRUE
Steven Motlop,Port Adelaide,MEDIUM_FORWARD,1991-03-12,183,82,FALSE,FALSE,FALSE,TRUE
Trent McKenzie,Port Adelaide,KEY_DEFENDER,1992-04-03,191,90,TRUE,FALSE,FALSE,FALSE
Scott Lycett,Port Adelaide,RUCK,1992-09-26,203,102,FALSE,FALSE,TRUE,FALSE
Tom Jonas,Port Adelaide,KEY_DEFENDER,1991-01-09,188,90,TRUE,FALSE,FALSE,FALSE
Sam Mayes,Port Adelaide,MEDIUM_FORWARD,1994-05-20,187,86,FALSE,FALSE,FALSE,TRUE
Ollie Wines,Port Adelaide,MIDFIELDER,1994-10-07,187,98,FALSE,TRUE,FALSE,FALSE
Aliir Aliir,Port Adelaide,KEY_DEFENDER,1994-09-05,194,96,TRUE,FALSE,FALSE,FALSE
Tom Clurey,Port Adelaide,KEY_DEFENDER,1994-03-23,193,95,TRUE,FALSE,FALSE,FALSE
Trent Dumont,Port Adelaide,MIDFIELDER,1995-06-30,186,86,FALSE,TRUE,FALSE,FALSE
Orazio Fantasia,Port Adelaide,MEDIUM_FORWARD,1995-09-14,180,75,FALSE,FALSE,FALSE,TRUE
Karl Amon,Port Adelaide,MIDFIELDER,1995-08-19,181,77,FALSE,TRUE,FALSE,FALSE
Jeremy Finlayson,Port Adelaide,KEY_FORWARD,1996-02-09,197,94,FALSE,FALSE,FALSE,TRUE
Darcy Byrne-Jones,Port Adelaide,MEDIUM_DEFENDER,1995-09-20,181,76,TRUE,FALSE,FALSE,FALSE
Ryan Burton,Port Adelaide,MEDIUM_DEFENDER,1997-01-31,191,90,TRUE,FALSE,FALSE,FALSE
Sam Skinner,Port Adelaide,KEY_DEFENDER,1997-06-29,198,98,TRUE,FALSE,FALSE,TRUE
Sam Powell-Pepper,Port Adelaide,MEDIUM_FORWARD,1998-01-08,187,96,FALSE,TRUE,FALSE,TRUE
Dan Houston,Port Adelaide,MIDFIELDER,1997-05-12,186,88,TRUE,TRUE,FALSE,FALSE
Riley Bonner,Port Adelaide,MEDIUM_DEFENDER,1997-03-07,190,85,TRUE,TRUE,FALSE,FALSE
Martin Frederick,Port Adelaide,MIDFIELDER,2000-05-17,179,83,TRUE,FALSE,FALSE,FALSE
Mitch Hannan,Western Bulldogs,MEDIUM_FORWARD,1994-03-09,190,88,FALSE,FALSE,FALSE,TRUE
Aaron Naughton,Western Bulldogs,KEY_FORWARD,1999-11-30,195,93,FALSE,FALSE,FALSE,TRUE
Tim English,Western Bulldogs,RUCK,1997-08-10,207,103,FALSE,FALSE,TRUE,TRUE
Laitham Vandermeer,Western Bulldogs,MEDIUM_FORWARD,1999-02-03,181,79,FALSE,FALSE,FALSE,TRUE
Rhylee West,Western Bulldogs,MEDIUM_FORWARD,2000-07-12,182,85,FALSE,FALSE,FALSE,TRUE
Bailey Smith,Western Bulldogs,MIDFIELDER,2000-12-07,185,86,FALSE,TRUE,FALSE,FALSE
Riley Garcia,Western Bulldogs,MEDIUM_FORWARD,2001-01-30,177,77,FALSE,FALSE,FALSE,TRUE
Ed Richards,Western Bulldogs,MEDIUM_DEFENDER,1999-07-03,188,86,TRUE,FALSE,FALSE,FALSE
Lachlan McNeil,Western Bulldogs,MIDFIELDER_FORWARD,2001-09-02,184,82,FALSE,FALSE,FALSE,TRUE
Jamarra Ugle-Hagan,Western Bulldogs,KEY_FORWARD,2002-04-04,197,92,FALSE,FALSE,FALSE,TRUE
Cody Weightman,Western Bulldogs,MEDIUM_FORWARD,2001-01-15,178,74,FALSE,FALSE,FALSE,TRUE
Louis Butler,Western Bulldogs,MIDFIELDER,2001-08-26,185,79,FALSE,TRUE,FALSE,FALSE
Cody Raak,Western Bulldogs,MEDIUM_DEFENDER,2002-10-08,193,83,TRUE,FALSE,FALSE,FALSE
Dominic Bedendo,Western Bulldogs,MEDIUM_FORWARD,2002-07-09,191,83,FALSE,FALSE,FALSE,TRUE
Luke Cleary,Western Bulldogs,MEDIUM_DEFENDER,2002-03-05,190,78,TRUE,FALSE,FALSE,FALSE
Sam Darcy,Western Bulldogs,KEY_DEFENDER,2003-07-19,205,94,TRUE,FALSE,FALSE,TRUE
Arthur Jones,Western Bulldogs,MEDIUM_DEFENDER,2003-07-18,179,65,TRUE,FALSE,FALSE,TRUE
Charlie Parker,Western Bulldogs,MEDIUM_DEFENDER,1997-10-13,193,88,FALSE,TRUE,FALSE,TRUE
Stefan Martin,Western Bulldogs,RUCK,1986-11-17,198,99,FALSE,FALSE,TRUE,FALSE
Taylor Duryea,Western Bulldogs,MEDIUM_DEFENDER,1991-04-24,181,79,TRUE,FALSE,FALSE,FALSE
Alex Keath,Western Bulldogs,KEY_DEFENDER,1992-01-20,197,99,TRUE,FALSE,FALSE,FALSE
Tom Liberatore,Western Bulldogs,MIDFIELDER_FORWARD,1992-05-16,184,85,FALSE,TRUE,FALSE,TRUE
Josh Bruce,Western Bulldogs,KEY_FORWARD,1992-06-08,198,97,FALSE,FALSE,FALSE,TRUE
Mitch Wallis,Western Bulldogs,MEDIUM_FORWARD,1992-10-24,186,86,FALSE,FALSE,FALSE,TRUE
Adam Treloar,Western Bulldogs,MIDFIELDER,1993-03-09,184,89,FALSE,TRUE,FALSE,TRUE
Hayden Crozier,Western Bulldogs,MEDIUM_DEFENDER,1993-12-24,187,81,TRUE,FALSE,FALSE,FALSE
Jason Johannisen,Western Bulldogs,MEDIUM_FORWARD,1992-11-08,181,81,FALSE,FALSE,FALSE,TRUE
Lachie Hunter,Western Bulldogs,MIDFIELDER,1994-12-13,182,81,FALSE,TRUE,FALSE,FALSE
Caleb Daniel,Western Bulldogs,MEDIUM_DEFENDER,1996-07-07,170,71,TRUE,FALSE,FALSE,FALSE
Jack Macrae,Western Bulldogs,MIDFIELDER,1994-08-03,192,88,FALSE,TRUE,FALSE,FALSE
Tim O'Brien,Western Bulldogs,KEY_DEFENDER,1994-03-28,193,92,TRUE,FALSE,FALSE,TRUE
Robbie McComb,Western Bulldogs,MEDIUM_FORWARD,1995-12-19,181,82,FALSE,TRUE,FALSE,FALSE
Marcus Bontempelli,Western Bulldogs,MIDFIELDER_FORWARD,1995-11-24,193,93,FALSE,TRUE,FALSE,FALSE
Zaine Cordy,Western Bulldogs,KEY_FORWARD,1996-10-27,195,92,TRUE,FALSE,FALSE,TRUE
Anthony Scott,Western Bulldogs,MIDFIELDER_FORWARD,1995-02-28,180,77,FALSE,FALSE,FALSE,TRUE
Roarke Smith,Western Bulldogs,MIDFIELDER,1996-09-11,184,82,FALSE,TRUE,FALSE,FALSE
Jordon Sweet,Western Bulldogs,RUCK,1998-02-02,205,103,FALSE,FALSE,TRUE,FALSE
Bailey Williams,Western Bulldogs,MEDIUM_DEFENDER,1997-10-10,189,86,TRUE,FALSE,FALSE,FALSE
Josh Dunkley,Western Bulldogs,MIDFIELDER_FORWARD,1997-01-09,191,91,FALSE,TRUE,FALSE,TRUE
Josh Schache,Western Bulldogs,KEY_FORWARD,1997-08-21,201,94,TRUE,FALSE,FALSE,TRUE
Toby McLean,Western Bulldogs,MEDIUM_FORWARD,1996-01-31,181,83,FALSE,FALSE,FALSE,TRUE
Bailey Dale,Western Bulldogs,MEDIUM_DEFENDER,1996-07-22,187,83,TRUE,FALSE,FALSE,FALSE
Ryan Gardner,Western Bulldogs,KEY_DEFENDER,1997-06-01,197,95,TRUE,FALSE,FALSE,FALSE
Buku Khamis,Western Bulldogs,MEDIUM_DEFENDER,2000-03-24,190,85,TRUE,FALSE,FALSE,FALSE
Lachlan Bramble,Hawthorn,MEDIUM_DEFENDER,1998-04-19,181,80,TRUE,FALSE,FALSE,FALSE
Mitch Lewis,Hawthorn,KEY_FORWARD,1998-10-14,199,101,FALSE,FALSE,FALSE,TRUE
Max Lynch,Hawthorn,RUCK,1998-09-12,200,101,FALSE,FALSE,TRUE,FALSE
Harry Morrison,Hawthorn,MIDFIELDER,1998-11-12,183,81,FALSE,TRUE,FALSE,TRUE
Ned Reeves,Hawthorn,RUCK,1998-10-31,209,104,FALSE,FALSE,TRUE,FALSE
James Worpel,Hawthorn,MIDFIELDER,1999-01-24,186,88,FALSE,TRUE,FALSE,FALSE
Emerson Jeka,Hawthorn,KEY_FORWARD,2001-09-18,198,96,FALSE,FALSE,FALSE,TRUE
Jacob Koschitzke,Hawthorn,KEY_FORWARD,2000-07-11,196,96,FALSE,FALSE,FALSE,TRUE
Dylan Moore,Hawthorn,MEDIUM_FORWARD,1999-08-04,178,76,FALSE,FALSE,FALSE,TRUE
Conor Nash,Hawthorn,RUCK,1998-07-28,197,94,FALSE,TRUE,FALSE,TRUE
Josh Morris,Hawthorn,MEDIUM_FORWARD,2001-11-07,186,80,FALSE,FALSE,FALSE,TRUE
Will Day,Hawthorn,MEDIUM_DEFENDER,2001-06-05,191,81,TRUE,FALSE,FALSE,FALSE
Jack Saunders,Hawthorn,MIDFIELDER,2002-02-11,180,76,FALSE,FALSE,FALSE,TRUE
Finn Maginness,Hawthorn,MIDFIELDER,2001-02-23,189,84,FALSE,TRUE,FALSE,TRUE
Sam Butler,Hawthorn,MIDFIELDER_FORWARD,2003-02-10,184,76,FALSE,TRUE,FALSE,TRUE
Connor Downie,Hawthorn,MIDFIELDER,2002-05-31,186,83,FALSE,TRUE,FALSE,FALSE
Denver Grainger-Barras,Hawthorn,KEY_DEFENDER,2002-04-17,195,85,TRUE,FALSE,FALSE,FALSE
Jackson Callow,Hawthorn,KEY_FORWARD,2002-06-11,194,95,FALSE,FALSE,FALSE,TRUE
Tyler Brockman,Hawthorn,MEDIUM_FORWARD,2002-11-22,181,80,FALSE,FALSE,FALSE,TRUE
Jai Serong,Hawthorn,MIDFIELDER,2003-02-16,193,82,FALSE,TRUE,FALSE,TRUE
Connor Macdonald,Hawthorn,MEDIUM_FORWARD,2003-01-13,185,83,FALSE,TRUE,FALSE,TRUE
Josh Ward,Hawthorn,MIDFIELDER,2003-08-15,183,77,FALSE,TRUE,FALSE,FALSE
Ned Long,Hawthorn,MIDFIELDER,2003-02-05,194,92,FALSE,TRUE,FALSE,TRUE
Seamus Mitchell,Hawthorn,MEDIUM_FORWARD,2002-07-03,181,79,FALSE,FALSE,FALSE,TRUE
Jai Newcombe,Hawthorn,MIDFIELDER,2001-08-02,186,89,FALSE,TRUE,FALSE,FALSE
Fionn O'Hara,Hawthorn,MIDFIELDER,2002-02-28,186,81,FALSE,TRUE,FALSE,FALSE
Ben McEvoy,Hawthorn,RUCK,1989-07-11,200,101,FALSE,FALSE,TRUE,TRUE
Liam Shiels,Hawthorn,MIDFIELDER_FORWARD,1991-04-29,183,84,FALSE,TRUE,FALSE,FALSE
Luke Breust,Hawthorn,MEDIUM_FORWARD,1990-11-11,184,83,FALSE,FALSE,FALSE,TRUE
Kyle Hartigan,Hawthorn,KEY_DEFENDER,1991-11-07,194,101,TRUE,FALSE,FALSE,FALSE
Jack Gunston,Hawthorn,KEY_FORWARD,1991-10-16,193,86,FALSE,FALSE,FALSE,TRUE
Tom Mitchell,Hawthorn,MIDFIELDER,1993-05-31,182,83,FALSE,TRUE,FALSE,FALSE
Chad Wingard,Hawthorn,MEDIUM_FORWARD,1993-07-29,183,82,FALSE,TRUE,FALSE,TRUE
Sam Frost,Hawthorn,KEY_DEFENDER,1993-08-28,194,94,TRUE,FALSE,FALSE,FALSE
Jaeger O'Meara,Hawthorn,MIDFIELDER,1994-02-23,184,83,FALSE,TRUE,FALSE,FALSE
Jarman Impey,Hawthorn,MEDIUM_DEFENDER,1995-07-09,178,81,TRUE,FALSE,FALSE,FALSE
James Sicily,Hawthorn,KEY_DEFENDER,1995-01-06,187,87,TRUE,FALSE,FALSE,FALSE
Daniel Howe,Hawthorn,MIDFIELDER,1995-12-04,193,88,FALSE,TRUE,FALSE,FALSE
Blake Hardwick,Hawthorn,MEDIUM_DEFENDER,1997-02-05,182,81,TRUE,FALSE,FALSE,FALSE
Tom Phillips,Hawthorn,MIDFIELDER,1996-05-07,187,80,FALSE,TRUE,FALSE,FALSE
Jack Scrimshaw,Hawthorn,MEDIUM_DEFENDER,1998-09-04,193,89,TRUE,FALSE,FALSE,FALSE
Changkuoth Jiath,Hawthorn,MEDIUM_DEFENDER,1999-06-13,185,80,TRUE,FALSE,FALSE,FALSE
Jack Henry,Geelong Cats,KEY_DEFENDER,1998-08-29,192,96,TRUE,FALSE,FALSE,FALSE
Esava Ratugolea,Geelong Cats,KEY_FORWARD,1998-07-24,198,108,FALSE,FALSE,TRUE,TRUE
Zach Guthrie,Geelong Cats,MEDIUM_DEFENDER,1998-06-30,187,84,TRUE,FALSE,FALSE,FALSE
Gryan Miers,Geelong Cats,MEDIUM_FORWARD,1999-03-30,179,81,FALSE,FALSE,FALSE,TRUE
Sam Simpson,Geelong Cats,MEDIUM_FORWARD,1998-06-14,183,75,FALSE,FALSE,FALSE,TRUE
Cooper Stephens,Geelong Cats,MIDFIELDER,2001-01-17,188,86,FALSE,TRUE,FALSE,FALSE
Paul Tsapatolis,Geelong Cats,RUCK,2002-06-20,202,101,FALSE,FALSE,TRUE,FALSE
Nick Stevens,Geelong Cats,MEDIUM_DEFENDER,2002-03-23,193,85,FALSE,TRUE,FALSE,FALSE
Mark O'Connor,Geelong Cats,MIDFIELDER,1997-01-17,191,89,TRUE,TRUE,FALSE,FALSE
Sam De Koning,Geelong Cats,KEY_DEFENDER,2001-02-26,204,101,TRUE,FALSE,FALSE,TRUE
James Willis,Geelong Cats,MIDFIELDER,2003-07-10,183,78,FALSE,TRUE,FALSE,FALSE
Max Holmes,Geelong Cats,MIDFIELDER,2002-08-29,189,83,FALSE,TRUE,FALSE,TRUE
Shannon Neale,Geelong Cats,RUCK,2002-07-25,203,100,FALSE,FALSE,FALSE,TRUE
Toby Conway,Geelong Cats,RUCK,2003-04-24,205,100,FALSE,FALSE,TRUE,FALSE
Francis Evans,Geelong Cats,MEDIUM_FORWARD,2001-08-23,182,83,FALSE,FALSE,FALSE,TRUE
Flynn Kroeger,Geelong Cats,MEDIUM_DEFENDER,2003-07-23,185,85,FALSE,TRUE,FALSE,FALSE
Cooper Whyte,Geelong Cats,MIDFIELDER_FORWARD,2003-02-24,181,78,FALSE,TRUE,FALSE,FALSE
Mitch Knevitt,Geelong Cats,MIDFIELDER,2003-01-08,193,84,FALSE,TRUE,FALSE,FALSE
Oisin Mullin,Geelong Cats,MEDIUM_DEFENDER,2000-02-11,182,84,FALSE,FALSE,FALSE,FALSE
Oliver Dempsey,Geelong Cats,MEDIUM_FORWARD,2003-01-07,185,70,FALSE,FALSE,FALSE,FALSE
Joel Selwood,Geelong Cats,MIDFIELDER,1988-05-26,183,84,FALSE,TRUE,FALSE,FALSE
Shaun Higgins,Geelong Cats,MEDIUM_FORWARD,1988-03-04,184,89,FALSE,FALSE,FALSE,TRUE
Tom Hawkins,Geelong Cats,KEY_FORWARD,1988-07-21,198,104,FALSE,FALSE,FALSE,TRUE
Patrick Dangerfield,Geelong Cats,MIDFIELDER,1990-04-05,189,97,FALSE,TRUE,FALSE,FALSE
Rhys Stanley,Geelong Cats,RUCK,1990-12-01,200,102,FALSE,FALSE,TRUE,FALSE
Mitch Duncan,Geelong Cats,MIDFIELDER,1991-06-10,188,85,FALSE,TRUE,FALSE,TRUE
Cameron Guthrie,Geelong Cats,MIDFIELDER,1992-08-19,187,88,FALSE,TRUE,FALSE,FALSE
Jonathon Ceglar,Geelong Cats,RUCK,1991-02-14,204,99,FALSE,FALSE,TRUE,FALSE
Gary Rohan,Geelong Cats,MEDIUM_FORWARD,1991-06-07,189,93,FALSE,FALSE,FALSE,TRUE
Luke Dahlhaus,Geelong Cats,MEDIUM_FORWARD,1992-08-21,179,82,FALSE,FALSE,FALSE,TRUE
Tom Stewart,Geelong Cats,MEDIUM_DEFENDER,1993-03-15,190,88,TRUE,FALSE,FALSE,FALSE
Zach Tuohy,Geelong Cats,MEDIUM_DEFENDER,1989-12-10,187,91,TRUE,TRUE,FALSE,FALSE
Jeremy Cameron,Geelong Cats,KEY_FORWARD,1993-04-01,196,94,FALSE,FALSE,FALSE,TRUE
Jed Bews,Geelong Cats,MEDIUM_DEFENDER,1993-12-14,186,92,TRUE,FALSE,FALSE,FALSE
Sam Menegola,Geelong Cats,MIDFIELDER,1992-03-07,189,89,FALSE,TRUE,FALSE,FALSE
Isaac Smith,Geelong Cats,MIDFIELDER,1988-12-30,188,83,FALSE,TRUE,FALSE,FALSE
Jake Kolodjashnij,Geelong Cats,KEY_DEFENDER,1995-08-09,193,96,TRUE,FALSE,FALSE,FALSE
Mark Blicavs,Geelong Cats,KEY_DEFENDER,1991-03-28,198,101,TRUE,FALSE,FALSE,FALSE
Brandan Parfitt,Geelong Cats,MIDFIELDER,1998-04-27,180,83,FALSE,TRUE,FALSE,FALSE
Tom Atkins,Geelong Cats,MEDIUM_DEFENDER,1995-09-18,180,82,TRUE,FALSE,FALSE,FALSE
Tyson Stengle,Geelong Cats,MEDIUM_FORWARD,1998-10-19,175,73,FALSE,FALSE,FALSE,TRUE
Brad Close,Geelong Cats,MEDIUM_FORWARD,1998-07-30,181,71,FALSE,FALSE,FALSE,TRUE
Quinton Narkle,Geelong Cats,MIDFIELDER,1997-12-03,182,88,FALSE,TRUE,FALSE,FALSE
Jack Higgins,St Kilda,MEDIUM_FORWARD,1999-03-19,178,80,FALSE,FALSE,FALSE,TRUE
Hunter Clark,St Kilda,MEDIUM_DEFENDER,1999-03-26,186,80,TRUE,TRUE,FALSE,FALSE
Jack Bytel,St Kilda,MIDFIELDER,2000-03-14,189,82,FALSE,TRUE,FALSE,FALSE
Darragh Joyce,St Kilda,KEY_DEFENDER,1997-04-23,194,95,TRUE,FALSE,FALSE,FALSE
Ben Paton,St Kilda,MEDIUM_DEFENDER,1998-10-19,186,81,TRUE,FALSE,FALSE,FALSE
Nick Coffield,St Kilda,MEDIUM_DEFENDER,1999-10-23,191,88,TRUE,FALSE,FALSE,FALSE
Max King,St Kilda,KEY_FORWARD,2000-07-07,202,94,FALSE,FALSE,FALSE,TRUE
Leo Connolly,St Kilda,MEDIUM_DEFENDER,2001-08-07,181,77,TRUE,FALSE,FALSE,FALSE
Ryan Byrnes,St Kilda,MIDFIELDER_FORWARD,2001-05-03,181,82,FALSE,TRUE,FALSE,TRUE
Nasiah Wanganeen-Milera,St Kilda,MIDFIELDER,2003-02-22,187,79,TRUE,TRUE,FALSE,FALSE
Oscar Adams,St Kilda,RUCK,2003-07-23,197,83,TRUE,FALSE,TRUE,FALSE
Matthew Allison,St Kilda,KEY_DEFENDER,2002-01-29,195,87,TRUE,FALSE,FALSE,FALSE
Max Heath,St Kilda,RUCK,2002-10-24,204,93,FALSE,FALSE,TRUE,TRUE
Josiah Kyle,St Kilda,MEDIUM_FORWARD,2003-07-31,185,72,FALSE,FALSE,FALSE,TRUE
Jack Peris,St Kilda,MEDIUM_FORWARD,2003-12-17,178,69,FALSE,TRUE,FALSE,TRUE
Cooper Sharman,St Kilda,KEY_FORWARD,2000-07-25,193,86,FALSE,FALSE,FALSE,TRUE
Marcus Windhager,St Kilda,MIDFIELDER_FORWARD,2003-05-16,185,86,FALSE,TRUE,FALSE,TRUE
Mitch Owens,St Kilda,MIDFIELDER_FORWARD,2003-09-24,191,85,FALSE,TRUE,FALSE,FALSE
Paddy Ryder,St Kilda,RUCK,1988-03-14,197,96,FALSE,FALSE,TRUE,FALSE
Jarryn Geary,St Kilda,MIDFIELDER,1988-06-23,183,79,FALSE,TRUE,FALSE,FALSE
Dan Hannebery,St Kilda,MIDFIELDER,1991-02-24,181,79,FALSE,TRUE,FALSE,FALSE
Tom Campbell,St Kilda,RUCK,1991-11-02,201,105,FALSE,FALSE,TRUE,TRUE
Jimmy Webster,St Kilda,MEDIUM_DEFENDER,1993-06-28,188,80,TRUE,FALSE,FALSE,FALSE
Sebastian Ross,St Kilda,MIDFIELDER,1993-05-07,187,85,FALSE,TRUE,FALSE,FALSE
Jarrod Lienert,St Kilda,MEDIUM_DEFENDER,1994-08-05,195,89,TRUE,FALSE,FALSE,FALSE
Brad Crouch,St Kilda,MIDFIELDER,1994-01-14,186,86,FALSE,TRUE,FALSE,FALSE
Dean Kent,St Kilda,MEDIUM_FORWARD,1994-02-24,181,83,FALSE,FALSE,FALSE,TRUE
Tim Membrey,St Kilda,KEY_FORWARD,1994-05-26,188,90,FALSE,FALSE,FALSE,TRUE
Mason Wood,St Kilda,MIDFIELDER_FORWARD,1993-09-13,192,85,FALSE,TRUE,FALSE,TRUE
Bradley Hill,St Kilda,MEDIUM_FORWARD,1993-07-09,182,81,TRUE,FALSE,FALSE,TRUE
Jack Steele,St Kilda,MIDFIELDER,1995-12-13,187,88,FALSE,TRUE,FALSE,FALSE
Jack Billings,St Kilda,MIDFIELDER,1995-08-18,185,80,FALSE,TRUE,FALSE,FALSE
Callum Wilkie,St Kilda,KEY_DEFENDER,1996-03-10,191,87,TRUE,FALSE,FALSE,FALSE
Daniel McKenzie,St Kilda,MIDFIELDER,1996-05-17,184,81,FALSE,TRUE,FALSE,FALSE
Jade Gresham,St Kilda,MIDFIELDER_FORWARD,1997-08-24,177,81,FALSE,TRUE,FALSE,TRUE
Jack Hayes,St Kilda,KEY_FORWARD,1996-03-06,194,92,FALSE,FALSE,TRUE,TRUE
Zak Jones,St Kilda,MIDFIELDER,1995-03-15,182,79,FALSE,TRUE,FALSE,FALSE
Dan Butler,St Kilda,MEDIUM_FORWARD,1996-06-03,182,81,FALSE,FALSE,FALSE,TRUE
Rowan Marshall,St Kilda,RUCK,1995-11-24,201,105,FALSE,FALSE,TRUE,FALSE
Dougal Howard,St Kilda,KEY_DEFENDER,1996-03-25,199,94,TRUE,FALSE,FALSE,FALSE
Ben Long,St Kilda,MEDIUM_DEFENDER,1997-08-21,183,81,TRUE,FALSE,FALSE,TRUE
Jack Sinclair,St Kilda,MEDIUM_DEFENDER,1995-02-12,181,82,TRUE,TRUE,FALSE,FALSE
Josh Battle,St Kilda,KEY_DEFENDER,1998-09-01,193,92,TRUE,FALSE,FALSE,TRUE
Tom Highmore,St Kilda,KEY_DEFENDER,1998-02-24,193,86,TRUE,FALSE,FALSE,FALSE
Jordan Ridley,Essendon,MEDIUM_DEFENDER,1998-10-20,195,93,TRUE,FALSE,FALSE,FALSE
Brandon Zerk-Thatcher,Essendon,KEY_DEFENDER,1998-08-25,195,89,TRUE,FALSE,FALSE,FALSE
Sam Draper,Essendon,RUCK,1998-09-28,205,105,FALSE,FALSE,TRUE,FALSE
Jye Caldwell,Essendon,MIDFIELDER,2000-09-28,183,83,FALSE,TRUE,FALSE,FALSE
Brayden Ham,Essendon,MEDIUM_FORWARD,1999-04-25,182,79,FALSE,TRUE,FALSE,TRUE
Kaine Baldwin,Essendon,KEY_FORWARD,2002-05-30,193,95,FALSE,FALSE,FALSE,TRUE
Harrison Jones,Essendon,KEY_FORWARD,2001-02-25,196,88,FALSE,FALSE,FALSE,TRUE
Nick Bryan,Essendon,RUCK,2001-10-22,203,101,FALSE,FALSE,TRUE,FALSE
Nic Martin,Essendon,MIDFIELDER_FORWARD,2001-04-03,192,82,FALSE,TRUE,FALSE,TRUE
Tex Wanganeen,Essendon,MEDIUM_FORWARD,2003-10-10,179,78,FALSE,FALSE,FALSE,TRUE
Zach Reid,Essendon,KEY_DEFENDER,2002-03-02,202,90,TRUE,FALSE,FALSE,FALSE
Cody Brand,Essendon,KEY_DEFENDER,2002-05-23,195,92,TRUE,FALSE,FALSE,FALSE
Alastair Lord,Essendon,MEDIUM_DEFENDER,2003-11-26,181,75,TRUE,FALSE,FALSE,FALSE
Josh Eyre,Essendon,KEY_DEFENDER,2002-10-24,198,93,TRUE,FALSE,FALSE,TRUE
Sam Durham,Essendon,MIDFIELDER_FORWARD,2001-07-09,185,84,FALSE,TRUE,FALSE,TRUE
Nik Cox,Essendon,MIDFIELDER,2002-01-15,200,94,FALSE,TRUE,FALSE,FALSE
Archie Perkins,Essendon,MEDIUM_FORWARD,2002-03-26,188,80,FALSE,FALSE,FALSE,TRUE
Ben Hobbs,Essendon,MEDIUM_FORWARD,2003-09-16,183,79,FALSE,TRUE,FALSE,FALSE
Patrick Voss,Essendon,MEDIUM_FORWARD,2003-06-29,194,93,TRUE,FALSE,FALSE,TRUE
Cian McBride,Essendon,KEY_FORWARD,2001-04-19,197,90,FALSE,FALSE,TRUE,TRUE
Tom Hird,Essendon,MIDFIELDER,2001-03-28,182,76,FALSE,TRUE,FALSE,TRUE
Michael Hurley,Essendon,KEY_DEFENDER,1990-06-01,193,94,TRUE,FALSE,FALSE,FALSE
Dyson Heppell,Essendon,MEDIUM_DEFENDER,1992-05-14,189,87,TRUE,FALSE,FALSE,FALSE
Devon Smith,Essendon,MEDIUM_FORWARD,1993-05-20,176,78,FALSE,FALSE,FALSE,TRUE
Dylan Shiel,Essendon,MIDFIELDER,1993-03-09,182,84,FALSE,TRUE,FALSE,FALSE
Jake Stringer,Essendon,MIDFIELDER_FORWARD,1994-04-25,192,90,FALSE,TRUE,FALSE,TRUE
Andrew Phillips,Essendon,RUCK,1991-07-03,201,101,FALSE,FALSE,TRUE,FALSE
Anthony McDonald-Tipungwuti,Essendon,MEDIUM_FORWARD,1993-04-22,171,78,FALSE,FALSE,FALSE,TRUE
James Stewart,Essendon,KEY_DEFENDER,1994-03-04,199,99,TRUE,FALSE,FALSE,FALSE
Tom Cutler,Essendon,MIDFIELDER,1995-02-20,192,89,TRUE,TRUE,FALSE,FALSE
Nick Hind,Essendon,MEDIUM_DEFENDER,1994-08-19,180,76,TRUE,FALSE,FALSE,FALSE
Jake Kelly,Essendon,MEDIUM_DEFENDER,1995-01-21,190,91,TRUE,FALSE,FALSE,FALSE
Jayden Laverde,Essendon,KEY_DEFENDER,1996-04-12,193,91,TRUE,FALSE,FALSE,FALSE
Peter Wright,Essendon,KEY_FORWARD,1996-09-08,203,102,FALSE,FALSE,TRUE,TRUE
Alec Waterman,Essendon,MEDIUM_FORWARD,1996-08-19,182,89,FALSE,FALSE,FALSE,TRUE
Kyle Langford,Essendon,MIDFIELDER,1996-12-01,192,88,FALSE,TRUE,FALSE,FALSE
Will Snelling,Essendon,MIDFIELDER_FORWARD,1997-08-06,175,79,FALSE,FALSE,FALSE,TRUE
Aaron Francis,Essendon,KEY_FORWARD,1997-08-10,193,92,TRUE,FALSE,FALSE,FALSE
Garrett McDonagh,Essendon,MEDIUM_DEFENDER,1996-06-19,184,82,TRUE,FALSE,FALSE,FALSE
Zach Merrett,Essendon,MIDFIELDER,1995-10-03,179,85,FALSE,TRUE,FALSE,FALSE
Darcy Parish,Essendon,MIDFIELDER,1997-07-25,180,82,FALSE,TRUE,FALSE,FALSE
Matt Guelfi,Essendon,MEDIUM_FORWARD,1997-08-14,184,84,FALSE,TRUE,FALSE,TRUE
Mason Redman,Essendon,MEDIUM_DEFENDER,1997-08-26,187,86,TRUE,FALSE,FALSE,FALSE
Andrew McGrath,Essendon,MIDFIELDER,1998-06-02,180,83,FALSE,TRUE,FALSE,FALSE
James Bell,Sydney Swans,MEDIUM_FORWARD,1999-02-10,183,87,FALSE,FALSE,FALSE,TRUE
Hayden McLean,Sydney Swans,KEY_FORWARD,1999-01-20,197,98,FALSE,FALSE,FALSE,TRUE
Will Gould,Sydney Swans,MEDIUM_DEFENDER,2001-01-14,191,97,TRUE,FALSE,FALSE,FALSE
Dylan Stephens,Sydney Swans,MIDFIELDER,2001-01-08,184,78,FALSE,TRUE,FALSE,FALSE
Ben Ronke,Sydney Swans,MEDIUM_FORWARD,1997-12-18,183,80,FALSE,FALSE,FALSE,TRUE
Nick Blakey,Sydney Swans,MEDIUM_DEFENDER,2000-02-27,195,84,TRUE,FALSE,FALSE,FALSE
James Rowbottom,Sydney Swans,MIDFIELDER,2000-09-19,186,82,FALSE,TRUE,FALSE,FALSE
Sam Wicks,Sydney Swans,MEDIUM_FORWARD,1999-09-14,180,81,FALSE,FALSE,FALSE,TRUE
Joel Amartey,Sydney Swans,RUCK,1999-09-02,197,100,FALSE,FALSE,FALSE,TRUE
Tom McCartin,Sydney Swans,KEY_DEFENDER,1999-12-30,193,97,TRUE,FALSE,FALSE,FALSE
Justin McInerney,Sydney Swans,MIDFIELDER,2000-08-18,188,84,TRUE,TRUE,FALSE,FALSE
Chad Warner,Sydney Swans,MIDFIELDER,2001-05-19,181,82,FALSE,TRUE,FALSE,FALSE
Matt Roberts,Sydney Swans,MIDFIELDER,2003-07-31,184,84,FALSE,TRUE,FALSE,FALSE
Errol Gulden,Sydney Swans,MIDFIELDER_FORWARD,2002-07-18,176,78,FALSE,TRUE,FALSE,TRUE
Braeden Campbell,Sydney Swans,MEDIUM_DEFENDER,2002-02-04,181,79,TRUE,FALSE,FALSE,FALSE
Marc Sheather,Sydney Swans,MEDIUM_FORWARD,2002-06-11,185,87,FALSE,FALSE,FALSE,TRUE
Logan McDonald,Sydney Swans,KEY_FORWARD,2002-04-04,196,92,FALSE,FALSE,FALSE,TRUE
Lachlan Rankin,Sydney Swans,MEDIUM_FORWARD,2003-02-05,184,73,TRUE,FALSE,FALSE,TRUE
Corey Warner,Sydney Swans,MIDFIELDER,2003-10-07,182,71,FALSE,TRUE,FALSE,FALSE
Barry O'Connor,Sydney Swans,MEDIUM_DEFENDER,1998-06-26,193,93,TRUE,FALSE,FALSE,FALSE
Angus Sheldrick,Sydney Swans,MEDIUM_FORWARD,2003-11-07,179,88,FALSE,TRUE,FALSE,FALSE
Lachlan McAndrew,Sydney Swans,RUCK,2000-05-26,209,101,FALSE,FALSE,TRUE,FALSE
Lance Franklin,Sydney Swans,KEY_FORWARD,1987-01-30,199,106,FALSE,FALSE,FALSE,TRUE
Josh P. Kennedy,Sydney Swans,MIDFIELDER,1988-06-20,188,95,FALSE,TRUE,FALSE,FALSE
Sam Reid,Sydney Swans,RUCK,1991-12-27,196,98,FALSE,FALSE,FALSE,TRUE
Dane Rampe,Sydney Swans,KEY_DEFENDER,1990-06-02,188,91,TRUE,FALSE,FALSE,FALSE
Luke Parker,Sydney Swans,MIDFIELDER_FORWARD,1992-10-25,183,88,FALSE,TRUE,FALSE,TRUE
Robbie Fox,Sydney Swans,KEY_DEFENDER,1993-04-16,185,84,TRUE,FALSE,FALSE,FALSE
Harry Cunningham,Sydney Swans,MEDIUM_DEFENDER,1993-12-06,181,80,TRUE,FALSE,FALSE,FALSE
Tom Hickey,Sydney Swans,RUCK,1991-03-06,202,97,FALSE,FALSE,TRUE,FALSE
Callum Sinclair,Sydney Swans,RUCK,1989-09-23,199,98,FALSE,FALSE,TRUE,TRUE
Jake Lloyd,Sydney Swans,MEDIUM_DEFENDER,1993-09-20,180,80,TRUE,FALSE,FALSE,FALSE
Lewis Taylor,Sydney Swans,MIDFIELDER_FORWARD,1995-02-17,174,81,FALSE,TRUE,FALSE,TRUE
Sam Naismith,Sydney Swans,RUCK,1992-07-16,205,110,FALSE,FALSE,TRUE,FALSE
Paddy McCartin,Sydney Swans,KEY_DEFENDER,1996-04-19,195,95,TRUE,FALSE,FALSE,TRUE
Isaac Heeney,Sydney Swans,MEDIUM_FORWARD,1996-05-05,185,87,FALSE,FALSE,FALSE,TRUE
Callum Mills,Sydney Swans,MIDFIELDER,1997-04-02,187,87,FALSE,TRUE,FALSE,FALSE
Ryan Clarke,Sydney Swans,MEDIUM_DEFENDER,1997-06-17,186,83,TRUE,TRUE,FALSE,FALSE
Lewis Melican,Sydney Swans,KEY_DEFENDER,1996-11-04,194,100,TRUE,FALSE,FALSE,FALSE
Tom Papley,Sydney Swans,MEDIUM_FORWARD,1996-07-13,177,80,FALSE,FALSE,FALSE,TRUE
Will Hayward,Sydney Swans,MEDIUM_FORWARD,1998-10-26,186,84,FALSE,FALSE,FALSE,TRUE
Peter Ladhams,Sydney Swans,RUCK,1998-01-14,202,101,FALSE,FALSE,TRUE,TRUE
Colin O'Riordan,Sydney Swans,MEDIUM_DEFENDER,1995-10-12,186,87,TRUE,FALSE,FALSE,FALSE
Oliver Florent,Sydney Swans,MIDFIELDER,1998-07-22,184,81,FALSE,TRUE,FALSE,FALSE
Lachie Schultz,Fremantle,MEDIUM_FORWARD,1997-11-30,178,84,FALSE,FALSE,FALSE,TRUE
Lloyd Meek,Fremantle,RUCK,1998-04-22,203,110,FALSE,FALSE,TRUE,FALSE
Andrew Brayshaw,Fremantle,MIDFIELDER,1999-11-08,185,86,FALSE,TRUE,FALSE,FALSE
Mitch Crowden,Fremantle,MEDIUM_FORWARD,1999-04-28,175,83,FALSE,FALSE,FALSE,TRUE
Luke Valente,Fremantle,MIDFIELDER,2000-05-08,186,85,FALSE,TRUE,FALSE,FALSE
Liam Henry,Fremantle,MIDFIELDER,2001-08-28,180,75,FALSE,FALSE,FALSE,TRUE
Jordan Clark,Fremantle,MEDIUM_DEFENDER,2000-10-16,185,84,TRUE,TRUE,FALSE,FALSE
Hayden Young,Fremantle,MEDIUM_DEFENDER,2001-04-11,189,88,TRUE,FALSE,FALSE,FALSE
Joel Western,Fremantle,MEDIUM_FORWARD,2002-10-12,175,70,FALSE,TRUE,FALSE,FALSE
Brandon Walker,Fremantle,MEDIUM_DEFENDER,2002-10-17,186,80,TRUE,FALSE,FALSE,FALSE
Caleb Serong,Fremantle,MIDFIELDER,2001-02-09,179,83,FALSE,TRUE,FALSE,FALSE
Josh Treacy,Fremantle,KEY_FORWARD,2002-08-04,195,98,FALSE,FALSE,FALSE,TRUE
Nathan O'Driscoll,Fremantle,MIDFIELDER,2002-05-17,188,82,TRUE,TRUE,FALSE,FALSE
Heath Chapman,Fremantle,MEDIUM_DEFENDER,2002-01-31,193,85,TRUE,FALSE,FALSE,FALSE
Sam Sturt,Fremantle,MEDIUM_FORWARD,2000-05-12,190,81,FALSE,FALSE,FALSE,TRUE
Matthew Johnson,Fremantle,MIDFIELDER,2003-03-16,192,78,FALSE,TRUE,FALSE,FALSE
Neil Erasmus,Fremantle,MIDFIELDER,2003-12-02,190,83,FALSE,TRUE,FALSE,FALSE
Jye Amiss,Fremantle,KEY_FORWARD,2003-07-31,196,83,FALSE,FALSE,FALSE,TRUE
Karl Worner,Fremantle,MEDIUM_DEFENDER,2002-06-16,188,79,TRUE,TRUE,FALSE,FALSE
Eric Benning,Fremantle,RUCK,2003-06-14,195,83,FALSE,FALSE,TRUE,TRUE
David Mundy,Fremantle,MIDFIELDER,1985-07-20,192,93,FALSE,TRUE,FALSE,FALSE
Travis Colyer,Fremantle,MEDIUM_FORWARD,1991-08-24,173,74,FALSE,FALSE,FALSE,TRUE
Michael Walters,Fremantle,MEDIUM_FORWARD,1991-01-07,176,79,FALSE,FALSE,FALSE,TRUE
Nat Fyfe,Fremantle,MIDFIELDER,1991-09-18,191,94,FALSE,TRUE,FALSE,FALSE
Matt Taberner,Fremantle,KEY_FORWARD,1993-06-17,198,99,FALSE,FALSE,FALSE,TRUE
Nathan Wilson,Fremantle,MEDIUM_DEFENDER,1993-01-07,185,83,TRUE,FALSE,FALSE,FALSE
James Aish,Fremantle,MIDFIELDER,1995-11-08,183,83,TRUE,TRUE,FALSE,FALSE
Joel Hamling,Fremantle,KEY_DEFENDER,1993-04-09,194,92,TRUE,FALSE,FALSE,FALSE
Blake Acres,Fremantle,MIDFIELDER,1995-10-07,189,92,FALSE,TRUE,FALSE,FALSE
Alex Pearce,Fremantle,KEY_DEFENDER,1995-06-09,201,99,TRUE,FALSE,FALSE,FALSE
Connor Blakely,Fremantle,MIDFIELDER,1996-03-02,189,89,FALSE,TRUE,FALSE,FALSE
Rory Lobb,Fremantle,KEY_FORWARD,1993-02-09,207,107,FALSE,FALSE,FALSE,TRUE
Sam Switkowski,Fremantle,MEDIUM_FORWARD,1996-11-20,179,74,FALSE,FALSE,FALSE,TRUE
Darcy Tucker,Fremantle,MIDFIELDER,1997-01-23,185,85,TRUE,TRUE,FALSE,FALSE
Ethan Hughes,Fremantle,MEDIUM_DEFENDER,1994-12-07,188,88,TRUE,FALSE,FALSE,FALSE
Brennan Cox,Fremantle,KEY_DEFENDER,1998-08-13,195,100,TRUE,FALSE,FALSE,FALSE
Griffin Logue,Fremantle,KEY_DEFENDER,1998-04-13,194,98,TRUE,FALSE,FALSE,FALSE
Will Brodie,Fremantle,MIDFIELDER,1998-08-23,190,88,FALSE,TRUE,FALSE,TRUE
Sean Darcy,Fremantle,RUCK,1998-06-12,203,110,FALSE,FALSE,TRUE,FALSE
Bailey Banfield,Fremantle,MEDIUM_FORWARD,1998-02-26,190,88,FALSE,FALSE,FALSE,TRUE
Luke Ryan,Fremantle,MEDIUM_DEFENDER,1996-02-06,186,92,TRUE,FALSE,FALSE,FALSE
Michael Frederick,Fremantle,MEDIUM_FORWARD,2000-05-17,183,79,FALSE,FALSE,FALSE,TRUE
Isaac Cumming,GWS Giants,MEDIUM_DEFENDER,1998-08-11,188,84,TRUE,FALSE,FALSE,FALSE
Brent Daniels,GWS Giants,MEDIUM_FORWARD,1999-03-09,174,76,FALSE,FALSE,FALSE,TRUE
Jarrod Brander,GWS Giants,KEY_FORWARD,1999-02-11,197,97,FALSE,TRUE,FALSE,FALSE
Jacob Wehr,GWS Giants,MEDIUM_DEFENDER,1998-07-05,184,75,TRUE,FALSE,FALSE,FALSE
Sam Taylor,GWS Giants,KEY_DEFENDER,1999-05-05,196,95,TRUE,FALSE,FALSE,FALSE
James Peatling,GWS Giants,MEDIUM_FORWARD,2000-08-21,185,78,TRUE,FALSE,FALSE,FALSE
Xavier O'Halloran,GWS Giants,MIDFIELDER,2000-07-11,186,87,FALSE,TRUE,FALSE,FALSE
Bobby Hill,GWS Giants,MEDIUM_FORWARD,2000-02-09,175,73,FALSE,FALSE,FALSE,TRUE
Jake Stein,GWS Giants,KEY_DEFENDER,1994-01-17,195,96,TRUE,FALSE,FALSE,FALSE
Connor Idun,GWS Giants,MEDIUM_DEFENDER,2000-07-29,191,91,TRUE,FALSE,FALSE,FALSE
Jake Riccardi,GWS Giants,KEY_FORWARD,1999-11-07,195,97,FALSE,TRUE,FALSE,TRUE
Kieren Briggs,GWS Giants,RUCK,1999-10-06,201,107,FALSE,FALSE,TRUE,FALSE
Leek Aleer,GWS Giants,KEY_DEFENDER,2001-08-21,195,85,TRUE,FALSE,FALSE,FALSE
Lachie Ash,GWS Giants,MIDFIELDER,2001-06-21,187,85,TRUE,TRUE,FALSE,FALSE
Tom Green,GWS Giants,MIDFIELDER,2001-01-23,192,92,FALSE,TRUE,FALSE,FALSE
Jack Buckley,GWS Giants,KEY_DEFENDER,1997-12-17,195,90,TRUE,FALSE,FALSE,FALSE
Tanner Bruhn,GWS Giants,MIDFIELDER_FORWARD,2002-05-27,183,80,FALSE,TRUE,FALSE,TRUE
Cameron Fleeton,GWS Giants,MEDIUM_DEFENDER,2002-06-17,192,86,TRUE,FALSE,FALSE,FALSE
Callum M. Brown,GWS Giants,MEDIUM_FORWARD,2000-08-15,188,92,TRUE,FALSE,FALSE,TRUE
Will Shaw,GWS Giants,MEDIUM_DEFENDER,2001-06-14,181,71,TRUE,TRUE,FALSE,FALSE
Ryan Angwin,GWS Giants,MIDFIELDER,2002-12-12,185,80,TRUE,TRUE,FALSE,FALSE
Conor Stone,GWS Giants,MIDFIELDER_FORWARD,2002-04-22,188,88,FALSE,TRUE,FALSE,TRUE
Cooper Hamilton,GWS Giants,MEDIUM_FORWARD,2003-09-24,184,85,FALSE,TRUE,FALSE,TRUE
Josh Fahey,GWS Giants,MEDIUM_DEFENDER,2003-11-11,187,76,TRUE,FALSE,FALSE,FALSE
Finn Callaghan,GWS Giants,MIDFIELDER,2003-04-26,192,86,FALSE,TRUE,FALSE,FALSE
Matt de Boer,GWS Giants,MEDIUM_FORWARD,1990-03-10,189,88,FALSE,TRUE,FALSE,TRUE
Callan Ward,GWS Giants,MIDFIELDER,1990-04-10,187,83,FALSE,TRUE,FALSE,FALSE
Phil Davis,GWS Giants,KEY_DEFENDER,1990-08-30,197,94,TRUE,FALSE,FALSE,FALSE
Lachlan Keeffe,GWS Giants,KEY_DEFENDER,1990-04-14,204,101,TRUE,FALSE,FALSE,FALSE
Daniel Lloyd,GWS Giants,MEDIUM_FORWARD,1992-02-18,187,83,FALSE,FALSE,FALSE,TRUE
Adam Kennedy,GWS Giants,MEDIUM_DEFENDER,1992-07-12,184,80,FALSE,TRUE,FALSE,FALSE
Stephen Coniglio,GWS Giants,MEDIUM_FORWARD,1993-12-15,182,84,FALSE,TRUE,FALSE,TRUE
Lachie Whitfield,GWS Giants,MEDIUM_DEFENDER,1994-07-18,185,83,TRUE,TRUE,FALSE,FALSE
Nick Haynes,GWS Giants,MEDIUM_DEFENDER,1992-05-18,193,90,TRUE,FALSE,FALSE,FALSE
Toby Greene,GWS Giants,MEDIUM_FORWARD,1993-09-25,182,84,FALSE,FALSE,FALSE,TRUE
Jesse Hogan,GWS Giants,KEY_FORWARD,1995-02-12,195,102,FALSE,FALSE,FALSE,TRUE
Josh Kelly,GWS Giants,MIDFIELDER,1995-02-12,182,83,FALSE,TRUE,FALSE,FALSE
Braydon Preuss,GWS Giants,RUCK,1995-06-16,206,113,FALSE,FALSE,TRUE,FALSE
Harry Himmelberg,GWS Giants,KEY_FORWARD,1996-05-08,195,94,FALSE,FALSE,FALSE,TRUE
Matt Flynn,GWS Giants,RUCK,1997-09-13,201,102,FALSE,FALSE,TRUE,FALSE
Jacob Hopper,GWS Giants,MIDFIELDER,1997-02-06,187,88,FALSE,TRUE,FALSE,FALSE
Tim Taranto,GWS Giants,MIDFIELDER_FORWARD,1998-01-28,188,87,FALSE,TRUE,FALSE,TRUE
Harry Perryman,GWS Giants,MEDIUM_DEFENDER,1998-12-19,186,84,TRUE,FALSE,FALSE,FALSE
Zach Sproule,GWS Giants,KEY_FORWARD,1998-05-12,198,94,FALSE,FALSE,FALSE,TRUE
Liam Baker,Richmond,MEDIUM_FORWARD,1998-01-27,173,72,TRUE,FALSE,FALSE,TRUE
Matthew Parker,Richmond,MEDIUM_FORWARD,1996-01-25,188,80,FALSE,FALSE,FALSE,TRUE
Daniel Rioli,Richmond,MEDIUM_DEFENDER,1997-04-16,179,77,TRUE,FALSE,FALSE,TRUE
Noah Balta,Richmond,KEY_FORWARD,1999-10-23,194,102,TRUE,FALSE,FALSE,TRUE
Ben Miller,Richmond,KEY_DEFENDER,1999-08-31,198,96,TRUE,FALSE,FALSE,FALSE
Sydney Stack,Richmond,MEDIUM_DEFENDER,2000-04-28,179,78,TRUE,FALSE,FALSE,FALSE
Jack Ross,Richmond,MIDFIELDER,2000-09-03,187,87,FALSE,TRUE,FALSE,FALSE
Bigoa Nyuon,Richmond,RUCK,2001-05-18,197,93,TRUE,FALSE,FALSE,FALSE
Riley Collier-Dawkins,Richmond,MIDFIELDER_FORWARD,2000-02-03,191,93,FALSE,TRUE,FALSE,FALSE
Rhyan Mansell,Richmond,MEDIUM_DEFENDER,2000-06-04,180,76,TRUE,FALSE,FALSE,FALSE
Thomson Dow,Richmond,MIDFIELDER,2001-10-16,183,79,FALSE,TRUE,FALSE,TRUE
Noah Cumberland,Richmond,MIDFIELDER_FORWARD,2001-03-15,183,80,FALSE,TRUE,FALSE,TRUE
Will Martyn,Richmond,MIDFIELDER,2001-03-29,186,83,FALSE,TRUE,FALSE,FALSE
Maurice Rioli,Richmond,MEDIUM_FORWARD,2002-09-01,179,75,FALSE,TRUE,FALSE,TRUE
Hugo Ralphsmith,Richmond,MEDIUM_DEFENDER,2001-11-09,188,83,FALSE,TRUE,FALSE,TRUE
Samson Ryan,Richmond,KEY_FORWARD,2000-12-09,206,104,FALSE,FALSE,TRUE,TRUE
Sam Banks,Richmond,MEDIUM_DEFENDER,2003-04-02,187,71,TRUE,FALSE,FALSE,FALSE
Judson Clarke,Richmond,MIDFIELDER,2003-10-17,180,72,FALSE,TRUE,FALSE,TRUE
Josh Gibcus,Richmond,KEY_DEFENDER,2003-04-04,196,87,TRUE,FALSE,FALSE,FALSE
Tom Brown,Richmond,MEDIUM_DEFENDER,2003-07-30,186,77,TRUE,FALSE,FALSE,FALSE
Tyler Sonsie,Richmond,MIDFIELDER,2003-01-27,181,73,FALSE,TRUE,FALSE,FALSE
Mate Colina,Richmond,RUCK,1999-05-20,213,111,FALSE,FALSE,TRUE,FALSE
Jack Riewoldt,Richmond,KEY_FORWARD,1988-10-31,193,92,FALSE,FALSE,FALSE,TRUE
Shane Edwards,Richmond,MIDFIELDER_FORWARD,1988-10-25,182,78,FALSE,TRUE,FALSE,TRUE
Robbie Tarrant,Richmond,KEY_DEFENDER,1989-04-25,196,96,TRUE,FALSE,FALSE,FALSE
Trent Cotchin,Richmond,MIDFIELDER,1990-04-07,185,86,FALSE,TRUE,FALSE,FALSE
Dylan Grimes,Richmond,KEY_DEFENDER,1991-07-16,194,91,TRUE,FALSE,FALSE,FALSE
Kane Lambert,Richmond,MEDIUM_FORWARD,1991-11-26,178,77,FALSE,FALSE,FALSE,TRUE
Josh Caddy,Richmond,MIDFIELDER,1992-09-28,186,87,FALSE,TRUE,FALSE,FALSE
Dion Prestia,Richmond,MIDFIELDER,1992-10-12,175,82,FALSE,TRUE,FALSE,FALSE
Dustin Martin,Richmond,MIDFIELDER,1991-06-26,187,92,FALSE,TRUE,FALSE,TRUE
Tom J. Lynch,Richmond,KEY_FORWARD,1992-10-31,199,99,FALSE,FALSE,FALSE,TRUE
Kamdyn McIntosh,Richmond,MIDFIELDER,1994-04-03,191,92,FALSE,TRUE,FALSE,FALSE
Nick Vlastuin,Richmond,MEDIUM_DEFENDER,1994-04-19,187,87,TRUE,FALSE,FALSE,FALSE
Nathan Broad,Richmond,MEDIUM_DEFENDER,1993-04-15,192,87,TRUE,FALSE,FALSE,FALSE
Toby Nankervis,Richmond,RUCK,1994-08-12,199,102,FALSE,FALSE,TRUE,FALSE
Jack Graham,Richmond,MIDFIELDER_FORWARD,1998-02-25,181,83,FALSE,TRUE,FALSE,TRUE
Jason Castagna,Richmond,MEDIUM_FORWARD,1996-07-12,182,82,FALSE,FALSE,FALSE,TRUE
Jayden Short,Richmond,MEDIUM_DEFENDER,1996-01-24,178,76,TRUE,FALSE,FALSE,FALSE
Jake Aarts,Richmond,MIDFIELDER_FORWARD,1994-12-08,177,76,FALSE,TRUE,FALSE,TRUE
Marlion Pickett,Richmond,MIDFIELDER,1992-01-06,184,81,FALSE,TRUE,FALSE,FALSE
Shai Bolton,Richmond,MIDFIELDER_FORWARD,1998-12-08,175,77,FALSE,TRUE,FALSE,TRUE
Ivan Soldo,Richmond,RUCK,1996-04-14,204,107,FALSE,FALSE,TRUE,FALSE
Bayley Fritsch,Melbourne,MEDIUM_FORWARD,1996-12-06,188,84,FALSE,FALSE,FALSE,TRUE
Charlie Spargo,Melbourne,MEDIUM_FORWARD,1999-11-25,173,76,FALSE,FALSE,FALSE,TRUE
Joel Smith,Melbourne,MEDIUM_DEFENDER,1996-02-25,191,88,TRUE,FALSE,FALSE,FALSE
Kade Chandler,Melbourne,MEDIUM_FORWARD,2000-01-13,175,80,FALSE,FALSE,FALSE,TRUE
Toby Bedford,Melbourne,MEDIUM_FORWARD,2000-05-27,179,75,FALSE,FALSE,FALSE,TRUE
Kysaiah Pickett,Melbourne,MEDIUM_FORWARD,2001-06-02,171,73,FALSE,FALSE,FALSE,TRUE
Oskar Baker,Melbourne,MIDFIELDER,1998-05-25,184,87,FALSE,TRUE,FALSE,FALSE
Harrison Petty,Melbourne,KEY_DEFENDER,1999-11-12,197,93,TRUE,FALSE,FALSE,FALSE
Deakyn Smith,Melbourne,MEDIUM_DEFENDER,2002-08-22,181,72,TRUE,FALSE,FALSE,FALSE
Trent Rivers,Melbourne,MEDIUM_DEFENDER,2001-07-30,188,91,TRUE,FALSE,FALSE,FALSE
Luke Jackson,Melbourne,RUCK,2001-09-29,199,100,FALSE,FALSE,TRUE,TRUE
Jake Bowey,Melbourne,MEDIUM_DEFENDER,2002-09-12,176,72,TRUE,FALSE,FALSE,FALSE
Bailey Laurie,Melbourne,MIDFIELDER_FORWARD,2002-03-24,179,81,FALSE,TRUE,FALSE,TRUE
Fraser Rosman,Melbourne,MIDFIELDER_FORWARD,2002-05-30,194,84,FALSE,TRUE,FALSE,FALSE
Andy Moniz-Wakefield,Melbourne,MIDFIELDER,2003-10-26,182,71,FALSE,TRUE,FALSE,FALSE
James Jordon,Melbourne,MIDFIELDER,2000-12-20,187,82,FALSE,TRUE,FALSE,FALSE
Blake Howes,Melbourne,MEDIUM_FORWARD,2003-04-07,191,79,FALSE,TRUE,FALSE,TRUE
Judd McVee,Melbourne,MIDFIELDER,2003-08-07,185,70,TRUE,TRUE,FALSE,FALSE
Jacob van Rooyen,Melbourne,KEY_FORWARD,2003-04-16,193,91,TRUE,FALSE,FALSE,TRUE
Taj Woewodin,Melbourne,MIDFIELDER,2003-03-26,182,75,FALSE,TRUE,FALSE,FALSE
Daniel Turner,Melbourne,KEY_DEFENDER,2002-01-28,194,88,TRUE,FALSE,FALSE,FALSE
Jake Melksham,Melbourne,MEDIUM_FORWARD,1991-08-29,186,85,FALSE,FALSE,FALSE,TRUE
Steven May,Melbourne,KEY_DEFENDER,1992-01-10,193,101,TRUE,FALSE,FALSE,FALSE
Michael Hibberd,Melbourne,MEDIUM_DEFENDER,1990-01-03,186,94,TRUE,FALSE,FALSE,FALSE
Majak Daw,Melbourne,KEY_FORWARD,1991-03-11,195,101,TRUE,FALSE,TRUE,FALSE
Max Gawn,Melbourne,RUCK,1991-12-30,209,111,FALSE,FALSE,TRUE,FALSE
Mitch Brown,Melbourne,KEY_FORWARD,1990-08-28,196,90,FALSE,FALSE,FALSE,TRUE
Tom McDonald,Melbourne,KEY_FORWARD,1992-09-18,195,101,FALSE,FALSE,FALSE,TRUE
Adam Tomlinson,Melbourne,KEY_DEFENDER,1993-08-10,194,95,TRUE,FALSE,FALSE,FALSE
Ben Brown,Melbourne,KEY_FORWARD,1992-11-20,200,101,FALSE,FALSE,FALSE,TRUE
Jack Viney,Melbourne,MIDFIELDER,1994-04-13,179,86,FALSE,TRUE,FALSE,FALSE
Luke Dunstan,Melbourne,MIDFIELDER,1995-01-29,185,86,FALSE,TRUE,FALSE,FALSE
Christian Salem,Melbourne,MEDIUM_DEFENDER,1995-07-15,184,84,TRUE,FALSE,FALSE,FALSE
Alex Neal-Bullen,Melbourne,MEDIUM_FORWARD,1996-01-09,183,81,FALSE,FALSE,FALSE,TRUE
James Harmes,Melbourne,MIDFIELDER_FORWARD,1995-10-05,186,85,FALSE,TRUE,FALSE,TRUE
Christian Petracca,Melbourne,MIDFIELDER,1996-01-04,187,98,FALSE,TRUE,FALSE,FALSE
Ed Langdon,Melbourne,MIDFIELDER,1996-02-01,182,77,FALSE,TRUE,FALSE,FALSE
Angus Brayshaw,Melbourne,MEDIUM_DEFENDER,1996-01-09,187,92,TRUE,TRUE,FALSE,FALSE
Jake Lever,Melbourne,KEY_DEFENDER,1996-03-05,195,92,TRUE,FALSE,FALSE,FALSE
Sam Weideman,Melbourne,KEY_FORWARD,1997-06-26,197,97,FALSE,FALSE,FALSE,TRUE
Jayden Hunt,Melbourne,MEDIUM_DEFENDER,1995-04-03,187,88,TRUE,FALSE,FALSE,FALSE
Clayton Oliver,Melbourne,MIDFIELDER,1997-07-22,189,87,FALSE,TRUE,FALSE,FALSE
Tom Sparrow,Melbourne,MIDFIELDER_FORWARD,2000-05-31,183,85,FALSE,TRUE,FALSE,TRUE
Patrick Naish,West Coast Eagles,MIDFIELDER,1999-01-15,183,77,TRUE,FALSE,FALSE,FALSE
Patrick Naish,West Coast Eagles,MIDFIELDER,1999-01-15,183,77,FALSE,TRUE,FALSE,TRUE
Stefan Giro,West Coast Eagles,MEDIUM_FORWARD,1999-03-10,175,71,FALSE,TRUE,FALSE,FALSE
Hugh Dixon,West Coast Eagles,RUCK,1999-02-26,197,101,FALSE,FALSE,TRUE,TRUE
Connor West,West Coast Eagles,MIDFIELDER,1999-05-07,182,81,FALSE,FALSE,FALSE,TRUE
Zac Langdon,West Coast Eagles,MEDIUM_FORWARD,1995-11-13,178,80,FALSE,FALSE,FALSE,TRUE
Brayden Ainsworth,West Coast Eagles,MIDFIELDER_FORWARD,1998-11-21,184,80,FALSE,TRUE,FALSE,TRUE
Liam Ryan,West Coast Eagles,MEDIUM_FORWARD,1996-10-02,180,76,FALSE,FALSE,FALSE,TRUE
Oscar Allen,West Coast Eagles,KEY_FORWARD,1999-03-19,196,95,FALSE,FALSE,FALSE,TRUE
Luke Foley,West Coast Eagles,MEDIUM_DEFENDER,1999-10-08,189,81,TRUE,FALSE,FALSE,FALSE
Bailey J. Williams,West Coast Eagles,RUCK,2000-04-17,201,100,FALSE,FALSE,TRUE,TRUE
Tom Joyce,West Coast Eagles,MIDFIELDER,2000-03-07,181,88,FALSE,TRUE,FALSE,FALSE
Jack Petruccelle,West Coast Eagles,MEDIUM_FORWARD,1999-04-12,187,82,FALSE,FALSE,FALSE,TRUE
Luke Edwards,West Coast Eagles,MIDFIELDER,2002-01-12,189,84,FALSE,TRUE,FALSE,FALSE
Xavier O'Neill,West Coast Eagles,MIDFIELDER,2000-08-03,186,84,FALSE,TRUE,FALSE,TRUE
Isiah Winder,West Coast Eagles,MEDIUM_FORWARD,2002-05-16,180,80,FALSE,TRUE,FALSE,TRUE
Callum Jamieson,West Coast Eagles,KEY_DEFENDER,2000-07-31,200,94,FALSE,FALSE,TRUE,FALSE
Harry Edwards,West Coast Eagles,KEY_DEFENDER,2000-10-01,200,98,TRUE,FALSE,FALSE,FALSE
Zane Trew,West Coast Eagles,MIDFIELDER,2002-04-26,187,81,FALSE,TRUE,FALSE,FALSE
Logan Young,West Coast Eagles,MIDFIELDER,2002-03-14,193,87,FALSE,FALSE,FALSE,FALSE
Campbell Chesser,West Coast Eagles,MIDFIELDER,2003-04-27,186,83,TRUE,TRUE,FALSE,FALSE
Rhett Bazzo,West Coast Eagles,KEY_FORWARD,2003-10-17,195,86,TRUE,FALSE,FALSE,TRUE
Jack Williams,West Coast Eagles,RUCK,2003-12-01,198,94,FALSE,FALSE,TRUE,FALSE
Jack Williams,West Coast Eagles,RUCK,2003-12-01,198,94,FALSE,FALSE,TRUE,TRUE
Brady Hough,West Coast Eagles,MEDIUM_DEFENDER,2003-03-05,190,77,FALSE,TRUE,FALSE,FALSE
Shannon Hurn,West Coast Eagles,MEDIUM_DEFENDER,1987-09-04,187,95,TRUE,FALSE,FALSE,FALSE
Josh J. Kennedy,West Coast Eagles,KEY_FORWARD,1987-08-25,196,102,FALSE,FALSE,FALSE,TRUE
Nic Naitanui,West Coast Eagles,RUCK,1990-05-04,202,112,FALSE,FALSE,TRUE,FALSE
Luke Shuey,West Coast Eagles,MIDFIELDER,1990-06-02,184,89,FALSE,TRUE,FALSE,FALSE
Brad Sheppard,West Coast Eagles,MEDIUM_DEFENDER,1991-05-23,187,85,FALSE,FALSE,FALSE,FALSE
Jack Redden,West Coast Eagles,MIDFIELDER,1990-12-09,190,83,FALSE,TRUE,FALSE,FALSE
Andrew Gaff,West Coast Eagles,MIDFIELDER,1992-06-16,183,85,FALSE,TRUE,FALSE,FALSE
Jamie Cripps,West Coast Eagles,MEDIUM_FORWARD,1992-04-23,183,83,FALSE,FALSE,FALSE,TRUE
Jack Darling,West Coast Eagles,KEY_FORWARD,1992-06-13,191,95,FALSE,FALSE,FALSE,TRUE
Aaron Black,West Coast Eagles,MEDIUM_FORWARD,1992-12-25,181,81,FALSE,TRUE,FALSE,FALSE
Elliot Yeo,West Coast Eagles,MIDFIELDER,1993-10-01,190,91,FALSE,TRUE,FALSE,FALSE
Angus Dewar,West Coast Eagles,MEDIUM_DEFENDER,1992-10-12,190,88,TRUE,FALSE,FALSE,FALSE
Jeremy McGovern,West Coast Eagles,KEY_DEFENDER,1992-04-15,197,99,TRUE,FALSE,FALSE,FALSE
Tim Kelly,West Coast Eagles,MIDFIELDER,1994-07-26,183,85,FALSE,TRUE,FALSE,FALSE
Willie Rioli,West Coast Eagles,MIDFIELDER_FORWARD,1995-06-04,175,78,FALSE,TRUE,FALSE,TRUE
Dom Sheed,West Coast Eagles,MIDFIELDER,1995-04-10,187,87,FALSE,TRUE,FALSE,FALSE
Luke Meadows,West Coast Eagles,MIDFIELDER_FORWARD,1994-11-16,185,86,FALSE,TRUE,FALSE,FALSE
Liam Duggan,West Coast Eagles,MEDIUM_DEFENDER,1996-12-11,186,84,TRUE,TRUE,FALSE,FALSE
Jackson Nelson,West Coast Eagles,MIDFIELDER,1996-03-15,189,86,TRUE,TRUE,FALSE,FALSE
Tom Barrass,West Coast Eagles,KEY_DEFENDER,1995-10-08,197,96,TRUE,FALSE,FALSE,FALSE
Greg Clark,West Coast Eagles,MIDFIELDER,1997-05-24,195,94,FALSE,TRUE,FALSE,FALSE
Tom Cole,West Coast Eagles,MEDIUM_DEFENDER,1997-05-28,188,83,TRUE,FALSE,FALSE,FALSE
Tom Cole,West Coast Eagles,MEDIUM_DEFENDER,1997-05-28,188,83,FALSE,TRUE,FALSE,TRUE
Sam Petrevski-Seton,West Coast Eagles,MIDFIELDER_FORWARD,1998-02-19,182,81,TRUE,FALSE,FALSE,FALSE
Jake Waterman,West Coast Eagles,MEDIUM_FORWARD,1998-05-06,193,92,FALSE,FALSE,FALSE,TRUE
Josh Rotham,West Coast Eagles,MEDIUM_DEFENDER,1998-02-25,193,89,TRUE,FALSE,FALSE,FALSE
Alex Witherden,West Coast Eagles,MEDIUM_DEFENDER,1998-09-10,188,86,TRUE,FALSE,FALSE,FALSE
Luke Strnadica,West Coast Eagles,RUCK,1998-01-01,202,102,FALSE,FALSE,TRUE,FALSE
Luke Strnadica,West Coast Eagles,RUCK,1998-01-01,202,102,FALSE,FALSE,TRUE,TRUE
Jamaine Jones,West Coast Eagles,MEDIUM_FORWARD,1998-09-29,179,81,FALSE,FALSE,FALSE,TRUE
Declan Mountford,West Coast Eagles,MIDFIELDER,1997-02-13,183,78,TRUE,TRUE,FALSE,FALSE
